brand,model,category,stability,cushioning,stack_heel_mm,drop_mm,weight_g,widths,toebox,plate,best_for,heavier_runner_ok,beginner_friendly,durability,rrp_gbp,retailer,retailer_url,awin_mid,wg_programid,partnerize_camref,discount_percent,discount_code,affiliate_url,image_url,review_url,one_liner,family,status,rating,rating_count
Nike,Pegasus 42,daily_trainer,neutral,balanced,37,10,286,narrow;standard;wide,medium,none,easy_miles;long_run;first_shoe;walking;gym,yes,yes,high,129.99,SportsShoes,https://www.sportsshoes.com/product/nik25743/,,,,,,,https://cdn11.bigcommerce.com/s-21x65e8kfn/images/stencil/original/products/93235/525932/NIK25743_1000_1__62994.1787152652.jpg,https://runrepeat.com/uk/nike-pegasus-42,"The safe all rounder. Handles daily runs, treadmill sessions and the odd parkrun without fuss.",nike-pegasus,current,,
Nike,Vomero 18,max_cushion,neutral,plush,46,10,298,narrow;standard;wide;extra_wide,medium,none,easy_miles;long_run;comfort;first_shoe;walking,yes,yes,high,134.99,SportsShoes,https://www.sportsshoes.com/product/nik25706/,,,,,,,https://cdn11.bigcommerce.com/s-21x65e8kfn/images/stencil/original/products/92262/519385/NIK25706_1000_1__81944.1784798256.jpg,https://runrepeat.com/uk/nike-vomero-18,"Thick, soft and forgiving underfoot. Great value if you want maximum comfort on easy runs.",,current,,
Nike,Vomero Plus,max_cushion,neutral,plush,45,10,289,narrow;standard;wide;extra_wide,medium,none,easy_miles;long_run;comfort;first_shoe;walking;gym,yes,yes,high,154.99,SportsShoes,https://www.sportsshoes.com/product/nik25769/,,,,,,,https://cdn11.bigcommerce.com/s-21x65e8kfn/images/stencil/original/products/92943/524208/NIK25769_1000_1__63576.1786457805.jpg,https://runrepeat.com/uk/nike-vomero-plus,"Nike's softest everyday shoe. Bouncy foam that makes long, slow miles feel much easier.",,current,,
Nike,Structure 26,stability,stability,balanced,37,10,296,standard;wide;extra_wide,medium,none,easy_miles;long_run;first_shoe;walking,yes,yes,high,134.99,SportsShoes,https://www.sportsshoes.com/product/nik25774/,,,,,,,https://cdn11.bigcommerce.com/s-21x65e8kfn/images/stencil/original/products/92598/521637/NIK25774_1000_1__85357.1785507491.jpg,https://runrepeat.com/uk/nike-structure-26,Steady and supportive if your ankles roll inwards. Built to last a lot of miles.,,current,,
Nike,Zoom Fly 6,tempo,neutral,balanced,40,8,248,standard,medium,carbon,easy_miles;long_run;speed_work;race_day,yes,no,medium,154.99,SportsShoes,https://www.sportsshoes.com/product/nik25775/,,,,,,,https://cdn11.bigcommerce.com/s-21x65e8kfn/images/stencil/original/products/92549/521370/NIK25775_1000_1__79002.1785424586.png,https://runrepeat.com/uk/nike-zoom-fly-6,A carbon plated trainer for faster sessions. Race day feel that survives everyday training.,,current,,
Nike,Vaporfly 4,race,neutral,balanced,40,8,166,standard;wide,medium,carbon,speed_work;race_day,no,no,low,239.99,SportsShoes,https://www.sportsshoes.com/product/nik25747/,,,,,,,https://cdn11.bigcommerce.com/s-21x65e8kfn/images/stencil/original/products/91971/517390/NIK25747_1000_1__61622.1784103346.jpg,https://runrepeat.com/uk/nike-vaporfly-4,Feather light race shoe for 5k up to marathon. Save it for the big days.,,current,,
Nike,Alphafly 3,race,neutral,plush,40,8,210,standard,medium,carbon,speed_work;race_day,yes,no,medium,284.99,SportsShoes,https://www.sportsshoes.com/product/nik25687/,,,,,,,https://cdn11.bigcommerce.com/s-21x65e8kfn/images/stencil/original/products/91914/517068/NIK25687_1000_1__68290.1784020561.jpg,https://runrepeat.com/uk/nike-alphafly-3,Nike's flagship marathon shoe. Springy air pods and a carbon plate for one big effort.,,current,,
Nike,Pegasus Trail 5,trail,neutral,balanced,35,8,300,standard,wide,none,trail;easy_miles,yes,yes,medium,134.99,SportsShoes,https://www.sportsshoes.com/product/nik24888/,,,,,,,https://cdn11.bigcommerce.com/s-21x65e8kfn/images/stencil/original/products/85821/474736/NIK24888_1000_1__59016.1769700067.jpg,https://runrepeat.com/uk/nike-pegasus-trail-5,"A road shoe feel with proper grip. Good for towpaths, parks and light trails.",,current,,
Nike,Wildhorse 10,trail,neutral,balanced,33,9,297,standard,medium,none,trail;easy_miles,yes,yes,high,134.99,SportsShoes,https://www.sportsshoes.com/product/nik23917/,,,,,,,https://cdn11.bigcommerce.com/s-21x65e8kfn/images/stencil/original/products/79293/424807/NIK23917_1000_1__39037.1748586035.jpg,https://runrepeat.com/uk/nike-wildhorse-10,"Tough and grippy for muddy, rocky British trails. Underfoot protection without feeling clumsy.",,current,,
Asics,Gel-Nimbus 28,max_cushion,neutral,plush,43,8,278,standard;wide;extra_wide,medium,none,easy_miles;long_run;comfort;walking;gym,yes,yes,high,179.99,SportsShoes,https://www.sportsshoes.com/product/asi16193/,,,,,,,https://cdn11.bigcommerce.com/s-21x65e8kfn/images/stencil/original/products/84943/468249/ASI16193_1000_1__48780.1766395337.jpg,https://runrepeat.com/uk/asics-gel-nimbus-28,"Soft, protective and forgiving. The default choice for comfortable everyday miles.",asics-gel-nimbus,current,,
Asics,Gel-Cumulus 28,daily_trainer,neutral,plush,41,8,252,standard;wide;extra_wide,medium,none,easy_miles;long_run;comfort;first_shoe;walking;gym,yes,yes,medium,139.99,SportsShoes,https://www.sportsshoes.com/product/asi16456/,,,,,,,https://cdn11.bigcommerce.com/s-21x65e8kfn/images/stencil/original/products/88013/489329/ASI16456_1000_1__38776.1773933434.jpg,https://runrepeat.com/uk/asics-gel-cumulus-28,Softer and cheaper than the Nimbus. A sensible first proper running shoe.,asics-gel-cumulus,current,,
Asics,Novablast 6,daily_trainer,neutral,balanced,41,8,249,standard;wide,medium,none,easy_miles;long_run;comfort;first_shoe;walking;gym,yes,yes,high,139.99,SportsShoes,https://www.sportsshoes.com/product/asi16767/,,,,,,,https://cdn11.bigcommerce.com/s-21x65e8kfn/images/stencil/original/products/91348/513092/ASI16767_1000_1__00697.1782807438.jpg,https://runrepeat.com/uk/asics-novablast-6,Bouncy and fun but still cushioned. Happy plodding along or picking up the pace.,,current,,
Asics,Gel-Kayano 33,stability,stability,plush,40,8,298,narrow;standard;wide;extra_wide,medium,none,easy_miles;long_run;comfort;walking,yes,yes,high,179.99,SportsShoes,https://www.sportsshoes.com/product/asi16582/,,,,,,,https://cdn11.bigcommerce.com/s-21x65e8kfn/images/stencil/original/products/90541/506823/ASI16582_1000_1__71091.1779977745.jpg,https://runrepeat.com/uk/asics-gel-kayano-33,"The classic support shoe. Plush, stable and very hard to fall out with.",,current,,
Asics,GT-2000 15,stability,mild_support,balanced,37,8,275,standard;wide;extra_wide,medium,none,easy_miles;long_run;first_shoe;walking;gym,yes,yes,high,134.99,SportsShoes,https://www.sportsshoes.com/product/asi16888/,,,,,,,https://cdn11.bigcommerce.com/s-21x65e8kfn/images/stencil/original/products/93102/525115/ASI16888_1000_1__18613.1786961836.jpg,,Gentle support at a fair price. A reliable starting point if you need stability.,,current,,
Asics,Superblast 3,tempo,neutral,plush,46,8,235,standard,medium,none,easy_miles;long_run;speed_work,yes,no,high,199.99,SportsShoes,https://www.sportsshoes.com/product/asi16580/,,,,,,,https://cdn11.bigcommerce.com/s-21x65e8kfn/images/stencil/original/products/91268/512581/ASI16580_1000_1__06759.1782400705.jpg,https://runrepeat.com/uk/asics-superblast-3,"Tall, light and lively. Expensive, but it can do almost every type of run.",,current,,
Asics,Magic Speed 5,tempo,neutral,balanced,35,7,196,standard;wide,medium,carbon,easy_miles;speed_work;race_day,no,no,medium,170,SportsShoes,https://www.sportsshoes.com/product/asi16264/,,,,,,,https://cdn11.bigcommerce.com/s-21x65e8kfn/images/stencil/original/products/86448/478917/ASI16264_1000_1__13410.1770981680.jpg,https://runrepeat.com/uk/asics-magic-speed-5,Light carbon plated shoe for faster running. A cheaper way into race style shoes.,,current,,
Asics,Metaspeed Sky Tokyo,race,neutral,balanced,39,5,169,standard,medium,carbon,speed_work;race_day,no,no,low,239.99,SportsShoes,https://www.sportsshoes.com/product/asi16202/,,,,,,,https://cdn11.bigcommerce.com/s-21x65e8kfn/images/stencil/original/products/84313/463301/ASI16202_1000_1__99713.1764242449.jpg,https://runrepeat.com/uk/asics-metaspeed-sky-tokyo,Very light racing shoe built for runners who lengthen their stride at speed.,,current,,
Asics,Gel-Trabuco 14,trail,mild_support,balanced,37,8,290,standard;wide,medium,none,trail;easy_miles;long_run,yes,yes,high,129.99,SportsShoes,https://www.sportsshoes.com/product/asi16622/,,,,,,,https://cdn11.bigcommerce.com/s-21x65e8kfn/images/stencil/original/products/93315/526574/ASI16622_1000_1__69685.1787321926.jpg,https://runrepeat.com/uk/asics-trabuco-14,"A dependable everyday trail shoe. Good grip, decent cushioning and it lasts well.",,current,,
Adidas,Supernova Rise 3,daily_trainer,neutral,plush,35,8,264,standard;wide,medium,none,easy_miles;comfort;first_shoe;walking;gym,yes,yes,medium,129.99,SportsShoes,https://www.sportsshoes.com/product/adi18300/,,,,,,,https://cdn11.bigcommerce.com/s-21x65e8kfn/images/stencil/original/products/84345/463607/ADI18300_1000_1__53124.1764772269.jpg,https://runrepeat.com/uk/adidas-supernova-rise-3,"Soft, roomy and easy going. Adidas' straightforward shoe for regular training runs.",,current,,
Adidas,Supernova Solution 3,stability,stability,plush,35,8,281,standard,wide,none,easy_miles;comfort;first_shoe;walking;gym,yes,yes,medium,129.99,SportsShoes,https://www.sportsshoes.com/product/adi18330/,,,,,,,https://cdn11.bigcommerce.com/s-21x65e8kfn/images/stencil/original/products/84506/465008/ADI18330_1000_1__70010.1764854566.jpg,https://runrepeat.com/uk/adidas-supernova-solution-3,Cushioned support with a generous fit. Quietly keeps your foot tracking straight.,,current,,
Adidas,Supernova Prima 3,max_cushion,neutral,plush,40,6,275,standard,medium,none,easy_miles;long_run;comfort;first_shoe;walking;gym,yes,yes,medium,149.99,SportsShoes,https://www.sportsshoes.com/product/adi19066/,,,,,,,https://cdn11.bigcommerce.com/s-21x65e8kfn/images/stencil/original/products/92185/518966/ADI19066_1000_1__71984.1784632788.png,https://runrepeat.com/uk/adidas-supernova-prima-3,"Adidas' softest everyday cushion. Made for slow, comfortable miles rather than speed.",,current,,
Adidas,Adizero Evo SL,tempo,neutral,balanced,36,6,224,standard;wide,medium,none,easy_miles;long_run;speed_work,yes,no,medium,129.99,SportsShoes,https://www.sportsshoes.com/product/adi19445/,,,,,,,https://cdn11.bigcommerce.com/s-21x65e8kfn/images/stencil/original/products/93218/525798/ADI19445_1000_1__81980.1787131028.jpg,https://runrepeat.com/uk/adidas-adizero-evo-sl,"Light, springy and great value. A favourite for faster runs and shorter races.",,current,,
Adidas,Adizero Boston 13,tempo,neutral,firm,39,6,254,standard;wide,medium,carbon,easy_miles;speed_work;race_day,yes,no,high,139.99,SportsShoes,https://www.sportsshoes.com/product/adi18950/,,,,,,,https://cdn11.bigcommerce.com/s-21x65e8kfn/images/stencil/original/products/92681/522213/ADI18950_1000_1__38430.1785842184.jpg,https://runrepeat.com/uk/adidas-adizero-boston-13,Firm and purposeful with rods for push off. Best when you want to work.,,current,,
Adidas,Adizero Adios Pro 4,race,neutral,balanced,39,6,200,standard;wide,narrow,carbon,speed_work;race_day,no,no,medium,219.99,SportsShoes,https://www.sportsshoes.com/product/adi19062/,,,,,,,https://cdn11.bigcommerce.com/s-21x65e8kfn/images/stencil/original/products/91954/517298/ADI19062_1000_1__77446.1784042314.png,https://runrepeat.com/uk/adidas-adizero-adios-pro-4,"Adidas' top marathon racer. Very light, very fast and fits on the narrow side.",,current,,
Adidas,Terrex Agravic Speed Ultra 2,trail,neutral,balanced,38,6,250,standard,medium,none,trail;easy_miles;long_run,no,no,medium,199.99,SportsShoes,https://www.sportsshoes.com/product/adi18614/,,,,,,,https://cdn11.bigcommerce.com/s-21x65e8kfn/images/stencil/original/products/84131/461801/ADI18614_1000_1__64975.1763655598.jpg,https://runrepeat.com/uk/adidas-terrex-agravic-speed-ultra-2,Light and quick on the trails. Aimed at long off road races rather than beginners.,,current,,
Adidas,Terrex Agravic GORE-TEX 2,trail,neutral,balanced,32,8,320,standard,medium,none,trail;easy_miles,yes,yes,high,139.99,SportsShoes,https://www.sportsshoes.com/product/adi18971/,,,,,,,https://cdn11.bigcommerce.com/s-21x65e8kfn/images/stencil/original/products/92847/523430/ADI18971_1000_1__44991.1786105024.jpg,,Waterproof and grippy for wet British winters. Keeps your feet dry on soggy paths.,,current,,
Hoka,Clifton 11,daily_trainer,neutral,plush,42,12,266,standard;wide,medium,none,easy_miles;long_run;comfort;first_shoe;walking;gym,yes,yes,medium,140,SportsShoes,https://www.sportsshoes.com/product/hok3602/,,,,,,,https://cdn11.bigcommerce.com/s-21x65e8kfn/images/stencil/original/products/91074/511107/HOK3602_1000_1__55846.1781857034.jpg,,"Soft, light and easy to run in. Hoka's most popular everyday shoe for good reason.",hoka-clifton,current,,
Hoka,Bondi 9,max_cushion,neutral,plush,43,9,303,standard;wide,medium,none,easy_miles;long_run;comfort;first_shoe;walking,yes,yes,high,160,SportsShoes,https://www.sportsshoes.com/product/hok3617/,,,,,,,https://cdn11.bigcommerce.com/s-21x65e8kfn/images/stencil/original/products/91526/514333/HOK3617_1000_1__89447.1783005527.png,https://runrepeat.com/uk/hoka-bondi-9,About as much cushioning as you can buy. Great if your legs and joints ache.,,current,,
Hoka,Mach 7,tempo,neutral,balanced,37,5,237,standard;wide,medium,none,easy_miles;long_run;speed_work,no,no,medium,140,SportsShoes,https://www.sportsshoes.com/product/hok3624/,,,,,,,https://cdn11.bigcommerce.com/s-21x65e8kfn/images/stencil/original/products/91111/511491/HOK3624_1000_1__39701.1782137927.jpg,https://runrepeat.com/uk/hoka-mach-7,Light and springy without being a race shoe. Good for picking up the pace.,,current,,
Hoka,Arahi 9,stability,mild_support,balanced,37,10,284,standard;wide,medium,none,easy_miles;long_run;first_shoe;walking;gym,yes,yes,medium,140,SportsShoes,https://www.sportsshoes.com/product/hok3611/,,,,,,,https://cdn11.bigcommerce.com/s-21x65e8kfn/images/stencil/original/products/91353/513131/HOK3611_1000_1__22346.1782807444.jpg,,"Gentle support built in without feeling stiff. A light, friendly stability shoe.",,current,,
Hoka,Gaviota 6,stability,stability,plush,39,6,283,standard;wide,wide,none,easy_miles;long_run;comfort;first_shoe;walking;gym,yes,yes,high,160,SportsShoes,https://www.sportsshoes.com/product/hok3621/,,,,,,,https://cdn11.bigcommerce.com/s-21x65e8kfn/images/stencil/original/products/91125/511599/HOK3621_1000_1__26307.1782202647.jpg,https://runrepeat.com/uk/hoka-gaviota-6,Maximum support and cushioning together. Built for feet that roll inwards a lot.,,current,,
Hoka,Cielo X1 3.0,race,neutral,balanced,38,7,213,standard,narrow,carbon,speed_work;race_day,no,no,low,250,SportsShoes,https://www.sportsshoes.com/product/hok3382/,,,,,,,https://cdn11.bigcommerce.com/s-21x65e8kfn/images/stencil/original/products/85736/474124/HOK3382_1000_1__24811.1769588543.jpg,https://runrepeat.com/uk/hoka-cielo-x-1-3-0,"Hoka's fastest carbon race shoe. Aggressive, expensive and only for race day.",,current,,
Hoka,Speedgoat 7,trail,neutral,balanced,40,5,275,standard;wide,medium,none,trail;easy_miles;long_run,yes,yes,high,145,SportsShoes,https://www.sportsshoes.com/product/hok3633/,,,,,,,https://cdn11.bigcommerce.com/s-21x65e8kfn/images/stencil/original/products/92802/523110/HOK3633_1000_1__41204.1786025811.jpg,https://runrepeat.com/uk/hoka-speedgoat-7,The default trail shoe for muddy UK paths. Loads of grip and cushioning.,,current,,
Hoka,Challenger 8,trail,neutral,balanced,40,8,287,standard;wide,medium,none,trail;easy_miles;long_run,yes,yes,high,130,SportsShoes,https://www.sportsshoes.com/product/hok3638/,,,,,,,https://cdn11.bigcommerce.com/s-21x65e8kfn/images/stencil/original/products/91436/513748/HOK3638_1000_1__17305.1782836172.jpg,https://runrepeat.com/uk/hoka-challenger-8,"Half road shoe, half trail shoe. Ideal if your runs mix pavement and parks.",,current,,
Brooks,Ghost 18,daily_trainer,neutral,balanced,36,12,289,standard;wide;extra_wide,medium,none,easy_miles;long_run;first_shoe;walking;gym,yes,yes,high,135,SportsShoes,https://www.sportsshoes.com/product/bro3578/,,,,,,,https://cdn11.bigcommerce.com/s-21x65e8kfn/images/stencil/original/products/90494/506350/BRO3578_1000_1__82217.1779887715.jpg,https://runrepeat.com/uk/brooks-ghost-18,"The safe, do everything trainer. If you are unsure what to buy, start here.",brooks-ghost,current,,
Brooks,Ghost Max 4,max_cushion,mild_support,plush,39,6,292,standard;wide,medium,none,easy_miles;long_run;comfort;first_shoe;walking,yes,yes,high,145,SportsShoes,https://www.sportsshoes.com/product/bro3654/,,,,,,,https://cdn11.bigcommerce.com/s-21x65e8kfn/images/stencil/original/products/91491/514037/BRO3654_1000_1__02440.1783437528.jpg,https://runrepeat.com/uk/brooks-ghost-max-4,"A big, wide, forgiving platform. Very stable underfoot and kind to sore joints.",,current,,
Brooks,Glycerin 23,max_cushion,neutral,plush,38,8,297,standard;wide,medium,none,easy_miles;long_run;comfort;walking,yes,yes,high,165,SportsShoes,https://www.sportsshoes.com/product/bro3534/,,,,,,,https://cdn11.bigcommerce.com/s-21x65e8kfn/images/stencil/original/products/85108/469451/BRO3534_1000_1__49489.1767774029.jpg,https://runrepeat.com/uk/brooks-glycerin-23,Brooks at its softest. A pricey but very comfortable shoe for steady miles.,,current,,
Brooks,Adrenaline GTS 25,stability,stability,balanced,36,10,295,narrow;standard;wide;extra_wide,medium,none,easy_miles;long_run;first_shoe;walking,yes,yes,high,145,SportsShoes,https://www.sportsshoes.com/product/bro3411/,,,,,,,https://cdn11.bigcommerce.com/s-21x65e8kfn/images/stencil/original/products/84261/462876/BRO3411_1000_1__05771.1764238887.jpg,https://runrepeat.com/uk/brooks-adrenaline-gts-25,The classic support shoe. Sold in more widths than almost anything else out there.,,current,,
Brooks,Launch 12,daily_trainer,neutral,firm,33,8,249,standard,medium,none,easy_miles;first_shoe;gym,no,yes,medium,110,SportsShoes,https://www.sportsshoes.com/product/bro3520/,,,,,,,https://cdn11.bigcommerce.com/s-21x65e8kfn/images/stencil/original/products/84896/467971/BRO3520_1000_1__14529.1766146888.jpg,https://runrepeat.com/uk/brooks-launch-12,"The cheapest sensible Brooks. Firmer and lighter, and fine for a first pair.",,current,,
Brooks,Hyperion Max 4,tempo,neutral,balanced,45,6,286,standard,medium,nylon,easy_miles;long_run;speed_work,yes,no,medium,170,SportsShoes,https://www.sportsshoes.com/product/bro3657/,,,,,,,https://cdn11.bigcommerce.com/s-21x65e8kfn/images/stencil/original/products/91500/514118/BRO3657_1000_1__75055.1782983910.jpg,https://runrepeat.com/uk/brooks-hyperion-max-4,"Tall, bouncy and rolls you forward. A cheaper stand in for a race shoe.",,current,,
Brooks,Hyperion Elite 6,race,neutral,balanced,40,7,192,standard,medium,carbon,speed_work;race_day,no,no,low,240,SportsShoes,https://www.sportsshoes.com/product/bro3715/,,,,,,,https://cdn11.bigcommerce.com/s-21x65e8kfn/images/stencil/original/products/92490/521101/BRO3715_1000_1__17143.1785338263.jpg,,"Brooks' carbon plated racer. Very light, very fast, and saved for race day.",,current,,
Brooks,Cascadia 20,trail,mild_support,balanced,36,6,306,standard;wide,medium,none,trail;easy_miles;long_run,yes,yes,high,140,SportsShoes,https://www.sportsshoes.com/product/bro3648/,,,,,,,https://cdn11.bigcommerce.com/s-21x65e8kfn/images/stencil/original/products/91492/514069/BRO3648_1000_1__54755.1782983908.jpg,https://runrepeat.com/uk/brooks-cascadia-20,"A tough, steady trail shoe with Vibram grip. Handles rough ground and wet rock.",brooks-cascadia,current,,
Saucony,Ride 19,daily_trainer,neutral,balanced,37,9,278,standard;wide,medium,none,easy_miles;long_run;first_shoe;walking;gym,yes,yes,high,140,SportsShoes,https://www.sportsshoes.com/product/sau5440/,,,,,,,https://cdn11.bigcommerce.com/s-21x65e8kfn/images/stencil/original/products/85150/469965/SAU5440_1000_1__28556.1767867705.jpg,https://runrepeat.com/uk/saucony-ride-19,"A well balanced everyday shoe. Light enough to speed up, soft enough to plod.",saucony-ride,current,,
Saucony,Triumph 24,max_cushion,neutral,plush,40,10,264,standard;wide,medium,none,easy_miles;long_run;comfort;walking;gym,yes,yes,high,170,SportsShoes,https://www.sportsshoes.com/product/sau5556/,,,,,,,https://cdn11.bigcommerce.com/s-21x65e8kfn/images/stencil/original/products/90595/507389/SAU5556_1000_1__87595.1780323436.jpg,,"Deep, soft cushioning that stays surprisingly light. One of the best long run shoes.",saucony-triumph,current,,
Saucony,Guide 19,stability,mild_support,balanced,37,6,280,standard;wide,medium,none,easy_miles;long_run;first_shoe;walking;gym,yes,yes,high,140,SportsShoes,https://www.sportsshoes.com/product/sau5603/,,,,,,,https://cdn11.bigcommerce.com/s-21x65e8kfn/images/stencil/original/products/91993/517577/SAU5603_1000_1__76001.1784114219.png,https://runrepeat.com/uk/saucony-guide-19,Quiet support that most people never notice. A good first stability shoe.,saucony-guide,current,,
Saucony,Hurricane 26,stability,stability,plush,41,6,262,standard;wide,medium,none,easy_miles;long_run;comfort;walking;gym,yes,yes,high,170,SportsShoes,https://www.sportsshoes.com/product/sau5625/,,,,,,,https://cdn11.bigcommerce.com/s-21x65e8kfn/images/stencil/original/products/93088/525014/SAU5625_1000_1__88401.1786717026.jpg,,Loads of soft foam with support built in. Light for how much shoe it is.,,current,,
Saucony,Endorphin Speed 5,tempo,neutral,balanced,38,8,237,standard;wide,medium,nylon,easy_miles;long_run;speed_work,no,no,medium,180,SportsShoes,https://www.sportsshoes.com/product/sau5191/,,,,,,,https://cdn11.bigcommerce.com/s-21x65e8kfn/images/stencil/original/products/79651/427874/SAU5191_1000_1__95364.1749824484.jpg,https://runrepeat.com/uk/saucony-endorphin-speed-5,A plated shoe you can actually train in every week. Fast but not fragile.,,current,,
Saucony,Endorphin Pro 5,race,neutral,balanced,39,8,206,standard,medium,carbon,speed_work;race_day,no,no,low,250,SportsShoes,https://www.sportsshoes.com/product/sau5592/,,,,,,,https://cdn11.bigcommerce.com/s-21x65e8kfn/images/stencil/original/products/91961/517334/SAU5592_1000_1__59577.1784042326.jpg,https://runrepeat.com/uk/saucony-endorphin-pro-5,A proper carbon marathon racer that stays stable. Save it for your goal race.,,current,,
Saucony,Peregrine 16,trail,neutral,firm,32,4,271,standard;wide,medium,none,trail;easy_miles,yes,yes,high,140,SportsShoes,https://www.sportsshoes.com/product/sau5568/,,,,,,,https://cdn11.bigcommerce.com/s-21x65e8kfn/images/stencil/original/products/92535/521298/SAU5568_1000_1__27380.1785417556.jpg,https://runrepeat.com/uk/saucony-peregrine-16,"Grippy, low to the ground and sure footed. Great on technical or muddy trails.",saucony-peregrine,current,,
Saucony,Xodus Ultra 4,trail,neutral,plush,36,6,309,standard,medium,none,trail;easy_miles;long_run,yes,no,high,150,SportsShoes,https://www.sportsshoes.com/product/sau5566/,,,,,,,https://cdn11.bigcommerce.com/s-21x65e8kfn/images/stencil/original/products/92111/518468/SAU5566_1000_1__27719.1784297949.jpg,https://runrepeat.com/uk/saucony-xodus-ultra-4,Cushioned trail shoe for very long days out. Heavy but protective and grippy.,,current,,
New Balance,Fresh Foam X 1080v15,daily_trainer,neutral,plush,40,6,255,narrow;standard;wide;extra_wide,wide,none,easy_miles;long_run;comfort;first_shoe;walking;gym,yes,yes,high,155,SportsShoes,https://www.sportsshoes.com/product/new696206/,,,,,,,https://cdn11.bigcommerce.com/s-21x65e8kfn/images/stencil/original/products/85792/474379/NEW696206_1000_1__24734.1769678547.jpg,https://runrepeat.com/uk/new-balance-1080-v-15,"Soft, roomy and light for its size. Comes in 2E and 4E widths.",nb-1080,current,,
New Balance,Fresh Foam X 880v15,daily_trainer,neutral,balanced,40,4,286,narrow;standard;wide;extra_wide,wide,none,easy_miles;long_run;comfort;first_shoe;walking,yes,yes,high,140,SportsShoes,https://www.sportsshoes.com/product/new695805/,,,,,,,https://cdn11.bigcommerce.com/s-21x65e8kfn/images/stencil/original/products/77017/407952/NEW695805_1000_9__42185.1741087239.jpg,https://runrepeat.com/uk/new-balance-fresh-foam-x-880-v-15,"A sturdy, no drama trainer that lasts. Widths up to 4E if you need room.",,current,,
New Balance,Fresh Foam X 860v15,stability,stability,balanced,40,8,332,narrow;standard;wide;extra_wide,wide,none,easy_miles;long_run;comfort;first_shoe;walking,yes,yes,high,150,SportsShoes,https://www.sportsshoes.com/product/new696367/,,,,,,,https://cdn11.bigcommerce.com/s-21x65e8kfn/images/stencil/original/products/88529/492772/NEW696367_1000_1__46712.1775031530.jpg,https://runrepeat.com/uk/new-balance-fresh-foam-x-860-v-15,"Solid, supportive and heavy. Best if you want obvious control and a roomy fit.",nb-860,current,,
New Balance,FuelCell Rebel v5,tempo,neutral,balanced,33,6,223,standard;wide;extra_wide,wide,none,easy_miles;speed_work,no,no,medium,140,SportsShoes,https://www.sportsshoes.com/product/new696868/,,,,,,,https://cdn11.bigcommerce.com/s-21x65e8kfn/images/stencil/original/products/92825/523299/NEW696868_1000_1__07559.1786094207.jpg,https://runrepeat.com/uk/new-balance-fuel-cell-rebel-v-5,"Light, bouncy and fun without a plate. A favourite for faster training runs.",,current,,
New Balance,Fresh Foam X More v6,max_cushion,neutral,plush,44,4,306,standard;wide,wide,none,easy_miles;long_run;comfort;first_shoe;walking,yes,yes,high,150,SportsShoes,https://www.sportsshoes.com/product/new696297/,,,,,,,https://cdn11.bigcommerce.com/s-21x65e8kfn/images/stencil/original/products/89318/498154/NEW696297_1000_1__39798.1776763007.jpg,https://runrepeat.com/uk/new-balance-fresh-foam-x-more-v-6,"A huge slab of soft foam. Made for slow, comfortable miles and recovery days.",,current,,
New Balance,FuelCell SuperComp Elite v6,race,neutral,plush,40,8,198,standard,medium,carbon,speed_work;race_day,no,no,low,230,SportsShoes,https://www.sportsshoes.com/product/new696739/,,,,,,,https://cdn11.bigcommerce.com/s-21x65e8kfn/images/stencil/original/products/92749/522691/NEW696739_1000_1__65696.1785939410.jpg,,"New Balance's top marathon racer. Very light, very soft and built to go fast.",,current,,
New Balance,FuelCell SuperComp Trainer v3,max_cushion,neutral,plush,40,6,271,standard,medium,carbon,easy_miles;long_run;comfort;speed_work;race_day,yes,no,medium,210,SportsShoes,https://www.sportsshoes.com/product/new696302/,,,,,,,https://cdn11.bigcommerce.com/s-21x65e8kfn/images/stencil/original/products/89397/498696/NEW696302_1000_1__93270.1776853032.jpg,https://runrepeat.com/uk/new-balance-fuel-cell-super-comp-trainer-v-3,"A plated, super cushioned trainer for marathon build ups. Soft with a forward roll.",,current,,
New Balance,Fresh Foam X Hierro v9,trail,neutral,plush,42,4,310,standard;wide;extra_wide,wide,none,trail;easy_miles;long_run,yes,yes,high,140,SportsShoes,https://www.sportsshoes.com/product/new696233/,,,,,,,https://cdn11.bigcommerce.com/s-21x65e8kfn/images/stencil/original/products/85339/471349/NEW696233_1000_1__26545.1768411377.jpg,https://runrepeat.com/uk/new-balance-fresh-foam-x-hierro-v9,Cushioned trail shoe with Vibram grip and rare wide fittings. Comfortable on rough ground.,,current,,
On,Cloudsurfer 2,daily_trainer,neutral,balanced,37,9,261,standard,medium,none,easy_miles;long_run;first_shoe;walking;gym,yes,yes,medium,150,SportsShoes,https://www.sportsshoes.com/product/onr876/,,,,,,,https://cdn11.bigcommerce.com/s-21x65e8kfn/images/stencil/original/products/93012/524589/ONR876_1000_1__99446.1786609049.jpg,https://runrepeat.com/uk/on-cloudsurfer-2,Soft and easy going everyday shoe that suits steady runs and shorter distances.,,current,,
On,Cloudmonster 3,max_cushion,neutral,plush,40,6,295,standard,medium,nylon,easy_miles;long_run;comfort;speed_work,yes,yes,high,180,SportsShoes,https://www.sportsshoes.com/product/onr857/,,,,,,,https://cdn11.bigcommerce.com/s-21x65e8kfn/images/stencil/original/products/92996/524500/ONR857_1000_1__21157.1786544221.jpg,https://runrepeat.com/uk/on-cloudmonster-3,"Big, bouncy and fun underfoot, good for easy miles when your legs feel heavy.",,current,,
On,Cloudrunner 3,stability,mild_support,balanced,31,8,311,standard;wide,medium,none,easy_miles;first_shoe;walking,yes,yes,high,140,SportsShoes,https://www.sportsshoes.com/product/onr867/,,,,,,,https://cdn11.bigcommerce.com/s-21x65e8kfn/images/stencil/original/products/92982/524422/ONR867_1000_1__33003.1786533435.jpg,https://runrepeat.com/uk/on-cloudrunner-3,"Steady, supportive and forgiving, a safe first proper running shoe for most people.",,current,,
On,Cloudboom Strike 2,race,neutral,plush,40,4,191,standard,medium,carbon,speed_work;race_day,no,no,low,230,SportsShoes,https://www.sportsshoes.com/product/onr1002/,,,,,,,https://cdn11.bigcommerce.com/s-21x65e8kfn/images/stencil/original/products/92387/520230/ONR1002_1000_1__62474.1785226624.jpg,,Very light carbon plated racer built for going fast on race day.,,current,,
Puma,Velocity Nitro 5,daily_trainer,neutral,balanced,33,8,244,standard,medium,none,easy_miles;first_shoe;walking;gym,yes,yes,high,110,SportsShoes,https://www.sportsshoes.com/product/pum3144/,,,,,,,https://cdn11.bigcommerce.com/s-21x65e8kfn/images/stencil/original/products/91749/515853/PUM3144_1000_1__68832.1783523812.jpg,,Brilliant value all rounder that does easy runs and faster days without fuss.,,current,,
Puma,Deviate Nitro 4,tempo,neutral,balanced,38,8,250,standard,medium,carbon,easy_miles;long_run;speed_work;race_day,yes,no,high,150,SportsShoes,https://www.sportsshoes.com/product/pum2928/,,,,,,,https://cdn11.bigcommerce.com/s-21x65e8kfn/images/stencil/original/products/85506/472346/PUM2928_1000_1__58222.1768911691.jpg,https://runrepeat.com/uk/puma-deviate-nitro-4,"One shoe that handles long runs, faster sessions and a half marathon happily.",,current,,
Puma,MagMax Nitro 2,max_cushion,neutral,plush,46,8,270,standard,medium,none,easy_miles;long_run;comfort;walking;gym,yes,yes,medium,170,SportsShoes,https://www.sportsshoes.com/product/pum3136/,,,,,,,https://cdn11.bigcommerce.com/s-21x65e8kfn/images/stencil/original/products/91387/513398/PUM3136_1000_1__67460.1782811051.jpg,https://runrepeat.com/uk/puma-mag-max-nitro-2,"Loads of soft foam underfoot, so long slow miles feel a lot kinder.",,current,,
Puma,ForeverRun Nitro 3,stability,stability,balanced,38,8,290,standard,medium,none,easy_miles;long_run;first_shoe;walking,yes,yes,high,140,SportsShoes,https://www.sportsshoes.com/product/pum3142/,,,,,,,https://cdn11.bigcommerce.com/s-21x65e8kfn/images/stencil/original/products/92537/521325/PUM3142_1000_1__80331.1785417561.jpg,,Firm rim around soft foam keeps wobbly ankles in line on longer runs.,puma-foreverrun,current,,
Puma,Fast-R Nitro Elite 3,race,neutral,plush,40,8,170,standard,narrow,carbon,speed_work;race_day,no,no,low,260,SportsShoes,https://www.sportsshoes.com/product/pum3113/,,,,,,,https://cdn11.bigcommerce.com/s-21x65e8kfn/images/stencil/original/products/92536/521306/PUM3113_1000_1__64105.1785417561.jpg,https://runrepeat.com/uk/puma-fast-r-nitro-elite-3,Feather light race shoe for runners chasing a personal best over 10k or more.,,current,,
Mizuno,Wave Rider 30,daily_trainer,neutral,balanced,42,8,265,standard;wide,medium,none,easy_miles;long_run;comfort;first_shoe;walking;gym,yes,yes,high,140,SportsShoes,https://www.sportsshoes.com/product/miz6722/,,,,,,,https://cdn11.bigcommerce.com/s-21x65e8kfn/images/stencil/original/products/90926/509930/MIZ6722_1000_1__05726.1781608713.png,,Dependable everyday trainer that lasts well and rarely gives anyone trouble.,,current,,
Mizuno,Wave Inspire 22,stability,stability,balanced,38,10,293,standard;wide,medium,none,easy_miles;long_run;first_shoe;walking,yes,yes,high,140,SportsShoes,https://www.sportsshoes.com/product/miz6734/,,,,,,,https://cdn11.bigcommerce.com/s-21x65e8kfn/images/stencil/original/products/92456/520759/MIZ6734_1000_1__26021.1785316613.jpg,https://runrepeat.com/uk/mizuno-wave-inspire-22,"Classic support shoe for feet that roll inwards, tough and built to last.",,current,,
Mizuno,Wave Sky 9,max_cushion,neutral,plush,44,6,295,standard,medium,none,easy_miles;long_run;comfort;walking,yes,yes,high,165,SportsShoes,https://www.sportsshoes.com/product/miz6717/,,,,,,,https://cdn11.bigcommerce.com/s-21x65e8kfn/images/stencil/original/products/92472/520921/MIZ6717_1000_1__06813.1785327428.jpg,https://runrepeat.com/uk/mizuno-wave-sky-9,"Thick, soft and protective, a comfy pick for recovery runs and long days.",,current,,
Mizuno,Neo Vista 3,tempo,neutral,plush,44,8,265,standard,medium,nylon,easy_miles;long_run;speed_work,yes,no,medium,150,SportsShoes,https://www.sportsshoes.com/product/miz6720/,,,,,,,https://cdn11.bigcommerce.com/s-21x65e8kfn/images/stencil/original/products/92455/520752/MIZ6720_1000_1__71454.1785316613.jpg,https://runrepeat.com/uk/mizuno-neo-vista-3,"Tall stack with a plate, so long runs roll along quicker than expected.",,current,,
Altra,Torin 9,daily_trainer,neutral,balanced,28,0,269,standard;wide,wide,none,easy_miles;walking;gym,yes,no,medium,135,SportsShoes,https://www.sportsshoes.com/product/alt1022/,,,,,,,https://cdn11.bigcommerce.com/s-21x65e8kfn/images/stencil/original/products/91627/514951/ALT1022_1000_1__86350.1783426630.jpg,,"Roomy toes and a completely flat platform, ease into it over a few weeks.",,current,,
Altra,Experience Flow 3,daily_trainer,neutral,balanced,32,4,255,standard,wide,none,easy_miles;first_shoe;walking;gym,yes,yes,medium,130,SportsShoes,https://www.sportsshoes.com/product/alt1012/,,,,,,,https://cdn11.bigcommerce.com/s-21x65e8kfn/images/stencil/original/products/91625/514935/ALT1012_1000_1__46359.1783419553.jpg,https://runrepeat.com/uk/altra-experience-flow-3,"Wide toe room with a small heel lift, the friendliest way into Altra.",,current,,
Altra,Lone Peak 9+,trail,neutral,balanced,25,0,327,standard;wide,wide,none,trail;easy_miles,yes,no,high,130,SportsShoes,https://www.sportsshoes.com/product/alt1050/,,,,,,,https://cdn11.bigcommerce.com/s-21x65e8kfn/images/stencil/original/products/91559/514574/ALT1050_1000_1__88080.1783077486.png,,Cult trail shoe with masses of toe room and grippy Vibram rubber underneath.,,current,,
Salomon,Speedcross 6,trail,neutral,firm,32,10,298,standard;wide,narrow,none,trail;easy_miles,yes,yes,high,140,SportsShoes,https://www.sportsshoes.com/product/sal7130/,,,,,,,https://cdn11.bigcommerce.com/s-21x65e8kfn/images/stencil/original/products/91889/516905/SAL7130_1000_1__71679.1783952126.jpg,https://runrepeat.com/uk/salomon-speedcross-6,"Deep lugs that bite into mud, ideal for wet British winter trails.",,current,,
Salomon,Ultra Glide 4,trail,neutral,plush,38,6,285,standard,medium,none,trail;easy_miles;long_run,yes,yes,medium,135,SportsShoes,https://www.sportsshoes.com/product/sal7134/,,,,,,,https://cdn11.bigcommerce.com/s-21x65e8kfn/images/stencil/original/products/92050/518034/SAL7134_1000_1__63431.1784197137.jpg,https://runrepeat.com/uk/salomon-ultra-glide-4,"Salomon's softest trail shoe, made for long days out when comfort matters most.",,current,,
Topo Athletic,Ultrafly 6,stability,mild_support,balanced,32,5,272,standard,wide,none,easy_miles;first_shoe;walking;gym,yes,yes,medium,135,SportsShoes,https://www.sportsshoes.com/product/top53/,,,,,,,https://cdn11.bigcommerce.com/s-21x65e8kfn/images/stencil/original/products/88992/496060/TOP53_1000_1__86672.1776176173.jpg,https://runrepeat.com/uk/topo-ultrafly-6,"Gentle support with a wide front end, handy if your feet need space.",,current,,
Topo Athletic,Magnifly 6,daily_trainer,neutral,firm,26,0,255,standard,wide,none,easy_miles;gym,no,no,medium,125,SportsShoes,https://www.sportsshoes.com/product/top46/,,,,,,,https://cdn11.bigcommerce.com/s-21x65e8kfn/images/stencil/original/products/89805/501287/TOP46_1000_1__87840.1777630574.jpg,,"Flat, low and close to the ground with plenty of room for your toes.",,current,,
Topo Athletic,Atmos 2,max_cushion,neutral,plush,40,5,272,standard,wide,none,easy_miles;long_run;comfort;first_shoe;walking;gym,yes,yes,medium,155,SportsShoes,https://www.sportsshoes.com/product/top35/,,,,,,,https://cdn11.bigcommerce.com/s-21x65e8kfn/images/stencil/original/products/88999/496132/TOP35_1000_1__38497.1776179938.jpg,https://runrepeat.com/uk/topo-atmos-2,"Very soft and roomy up front, a rare mix of max cushion and toe space.",,current,,
Under Armour,Velociti Pace,daily_trainer,neutral,balanced,34,8,249,standard,medium,none,easy_miles;first_shoe;walking;gym,yes,yes,medium,100,SportsShoes,https://www.sportsshoes.com/product/und9687/,,,,,,,https://cdn11.bigcommerce.com/s-21x65e8kfn/images/stencil/original/products/92197/519065/UND9687_1000_1__92556.1784636358.jpg,,"Light, simple and keenly priced, a solid choice for regular training runs.",,current,,
Under Armour,Velociti Distance,max_cushion,mild_support,plush,38,6,297,standard,medium,none,easy_miles;long_run;comfort;first_shoe;walking,yes,yes,medium,145,SportsShoes,https://www.sportsshoes.com/product/und9690/,,,,,,,https://cdn11.bigcommerce.com/s-21x65e8kfn/images/stencil/original/products/92276/519479/UND9690_1000_1__41868.1784809195.jpg,,"Cushioned and steady, built for slow long runs rather than anything quick.",,current,,
Inov8,Mudtalon Speed v2,trail,neutral,firm,17,4,266,narrow;standard,medium,none,trail;easy_miles,no,no,medium,130,SportsShoes,https://www.sportsshoes.com/product/ino2607/,,,,,,,https://cdn11.bigcommerce.com/s-21x65e8kfn/images/stencil/original/products/83233/454414/INO2607_1000_1__26034.1760451742.jpg,,"Made for proper mud, cross country and fell races where grip beats comfort.",,current,,
Inov8,Trailfly Max v2,trail,neutral,plush,30,6,300,standard;wide,wide,none,trail;easy_miles,yes,yes,medium,150,SportsShoes,https://www.sportsshoes.com/product/ino2622/,,,,,,,https://cdn11.bigcommerce.com/s-21x65e8kfn/images/stencil/original/products/84155/464013/INO2622_1000_8__86878.1764606006.jpg,,"The comfiest inov8, soft enough for all day hill days and long trail runs.",,current,,
Hoka,Clifton 10,daily_trainer,neutral,plush,,8,278,standard;wide,medium,none,easy_miles;long_run;comfort;first_shoe;walking;gym,yes,yes,medium,139.99,SportsShoes,https://www.sportsshoes.com/product/hok3374/,,,,,,,https://cdn11.bigcommerce.com/s-21x65e8kfn/images/stencil/original/products/85689/473842/HOK3374_1000_1__58481.1769426533.jpg,,Last year's Clifton. Softer than it sounds and much cheaper than the 11.,hoka-clifton,outgoing,,
Brooks,Ghost 17,daily_trainer,neutral,balanced,,10,286,standard;wide;extra_wide,medium,none,easy_miles;long_run;first_shoe;walking;gym,yes,yes,high,135,SportsShoes,https://www.sportsshoes.com/product/bro3473/,,,,,,,https://cdn11.bigcommerce.com/s-21x65e8kfn/images/stencil/original/products/84271/462990/BRO3473_1000_1__12803.1764238891.jpg,,"The outgoing Ghost. Same safe everyday shoe, a slightly lower drop, far less money.",brooks-ghost,outgoing,,
Saucony,Triumph 23,max_cushion,neutral,plush,,10,263,standard;wide,medium,none,easy_miles;long_run;comfort;walking;gym,yes,yes,high,169.99,SportsShoes,https://www.sportsshoes.com/product/sau5383/,,,,,,,https://cdn11.bigcommerce.com/s-21x65e8kfn/images/stencil/original/products/86497/479226/SAU5383_1000_1__96019.1771245682.jpg,,Last year's Triumph. A lot of soft foam for the money once it is discounted.,saucony-triumph,outgoing,,
Saucony,Ride 18,daily_trainer,neutral,balanced,,8,259,standard;wide,medium,none,easy_miles;long_run;first_shoe;walking;gym,yes,yes,high,129.99,SportsShoes,https://www.sportsshoes.com/product/sau5202/,,,,,,,https://cdn11.bigcommerce.com/s-21x65e8kfn/images/stencil/original/products/79750/428664/SAU5202_1000_1__87835.1750260095.jpg,,"The outgoing Ride. A sensible, unfussy daily trainer at a much better price.",saucony-ride,outgoing,,
Asics,Gel-Nimbus 27,max_cushion,neutral,plush,,8,305,standard;wide;extra_wide,medium,none,easy_miles;long_run;comfort;walking;gym,yes,yes,high,179.99,SportsShoes,https://www.sportsshoes.com/product/asi15431/,,,,,,,https://cdn11.bigcommerce.com/s-21x65e8kfn/images/stencil/original/products/75065/388924/ASI15431_1000_1__04087.1736867978.jpg,,"Last year's Nimbus. Still one of the softest shoes going, now heavily reduced.",asics-gel-nimbus,outgoing,,
Asics,Gel-Cumulus 27,daily_trainer,neutral,plush,,8,265,standard;wide;extra_wide,medium,none,easy_miles;long_run;comfort;first_shoe;walking;gym,yes,yes,medium,139.99,SportsShoes,https://www.sportsshoes.com/product/asi15843/,,,,,,,https://cdn11.bigcommerce.com/s-21x65e8kfn/images/stencil/original/products/79830/429283/ASI15843_1000_1__01308.1750432851.jpg,,The outgoing Cumulus. A quietly good everyday shoe that is now very cheap.,asics-gel-cumulus,outgoing,,
Nike,Pegasus 41,daily_trainer,neutral,balanced,,10,297,narrow;standard;wide,medium,none,easy_miles;long_run;first_shoe;walking;gym,yes,yes,high,129.99,SportsShoes,https://www.sportsshoes.com/product/nik24203/,,,,,,,https://cdn11.bigcommerce.com/s-21x65e8kfn/images/stencil/original/products/80702/436439/NIK24203_1000_1__77233.1752672096.jpg,,Last year's Pegasus. The same dependable all rounder for around half the price.,nike-pegasus,outgoing,,
New Balance,Fresh Foam X 1080v14,daily_trainer,neutral,plush,,6,298,narrow;standard;wide;extra_wide,wide,none,easy_miles;long_run;comfort;first_shoe;walking;gym,yes,yes,high,159.99,SportsShoes,https://www.sportsshoes.com/product/new695623/,,,,,,,https://cdn11.bigcommerce.com/s-21x65e8kfn/images/stencil/original/products/73224/372683/NEW695623_1000_1__69675.1731421156.jpg,,"The outgoing 1080. Plush, wide fitting and a genuine bargain when reduced.",nb-1080,outgoing,,
Saucony,Guide 18,stability,mild_support,balanced,,6,272,standard;wide,medium,none,easy_miles;long_run;first_shoe;walking;gym,yes,yes,high,129.99,SportsShoes,https://www.sportsshoes.com/product/sau5162/,,,,,,,https://cdn11.bigcommerce.com/s-21x65e8kfn/images/stencil/original/products/76575/404888/SAU5162_1000_1__03684.1740385221.jpg,,Last year's Guide. Probably the best value support shoe on the site right now.,saucony-guide,outgoing,,
New Balance,Fresh Foam X 860v14,stability,stability,balanced,,8,307,narrow;standard;wide;extra_wide,wide,none,easy_miles;long_run;comfort;first_shoe;walking,yes,yes,high,139.99,SportsShoes,https://www.sportsshoes.com/product/new695749/,,,,,,,https://cdn11.bigcommerce.com/s-21x65e8kfn/images/stencil/original/products/76145/401466/NEW695749_1000_1__75373.1739445518.jpg,,"The outgoing 860. Solid, steady support in wide fittings, now much cheaper.",nb-860,outgoing,,
Puma,ForeverRun Nitro 2,stability,stability,balanced,,10,295,standard,medium,none,easy_miles;long_run;first_shoe;walking,yes,yes,high,139.99,SportsShoes,https://www.sportsshoes.com/product/pum2589/,,,,,,,https://cdn11.bigcommerce.com/s-21x65e8kfn/images/stencil/original/products/75824/397725/PUM2589_1000_1__47762.1738858821.jpg,,Last year's ForeverRun. Support without feeling like a corrective shoe.,puma-foreverrun,outgoing,,
Saucony,Peregrine 15,trail,neutral,firm,,4,277,standard;wide,medium,none,trail;easy_miles,yes,yes,high,129.99,SportsShoes,https://www.sportsshoes.com/product/sau5252/,,,,,,,https://cdn11.bigcommerce.com/s-21x65e8kfn/images/stencil/original/products/80506/434833/SAU5252_1000_1__55932.1752135662.jpg,,"The outgoing Peregrine. Grippy and low to the ground, and a lot less money.",saucony-peregrine,outgoing,,
Brooks,Cascadia 19,trail,mild_support,balanced,,6,303,standard;wide,medium,none,trail;easy_miles;long_run,yes,yes,high,135,SportsShoes,https://www.sportsshoes.com/product/bro3323/,,,,,,,https://cdn11.bigcommerce.com/s-21x65e8kfn/images/stencil/original/products/80129/431405/BRO3323_1000_1__01295.1751296866.jpg,,"Last year's Cascadia. A tough, protective trail shoe for long days out.",brooks-cascadia,outgoing,,
Asics,GT-1000 14,stability,mild_support,balanced,,8,265,standard;wide,medium,none,easy_miles;long_run;first_shoe;walking;gym,yes,yes,high,114.99,SportsShoes,https://www.sportsshoes.com/product/asi16254/,,,,,,,https://cdn11.bigcommerce.com/s-21x65e8kfn/images/stencil/original/products/85129/469633/ASI16254_1000_1__02622.1767795700.jpg,,"The affordable Asics support shoe. Less foam than the Kayano, the same steadying idea.",,current,,
Merrell,MTL Long Sky 2 Matryx,trail,neutral,firm,,4,235,standard,medium,none,trail;speed_work,no,no,high,154.99,SportsShoes,https://www.sportsshoes.com/product/mer2744/,,,,,,,https://cdn11.bigcommerce.com/s-21x65e8kfn/images/stencil/original/products/75310/390982/MER2744_1000_1__20153.1737548388.jpg,,"Light, precise and built for racing on rough ground rather than plodding round it.",,current,,
Merrell,Agility Peak 5 BOA GORE-TEX,trail,neutral,balanced,,6,305,standard,medium,none,trail;easy_miles;long_run,yes,no,high,179.99,SportsShoes,https://www.sportsshoes.com/product/mer3100/,,,,,,,https://cdn11.bigcommerce.com/s-21x65e8kfn/images/stencil/original/products/90611/507499/MER3100_1000_1__07766.1780399103.jpg,,"Waterproof, with a dial instead of laces. Built for wet British winters.",,current,,
Asics,Gel-Excite 11,daily_trainer,neutral,balanced,,8,290,standard;wide,medium,none,easy_miles;first_shoe;walking;gym,no,yes,medium,79.99,SportsShoes,https://www.sportsshoes.com/product/asi16779/,,,,,,,https://cdn11.bigcommerce.com/s-21x65e8kfn/images/stencil/original/products/91874/516754/ASI16779_1000_1__57118.1783941497.jpg,,"Asics at their cheapest. Fine for shorter runs and the gym, not for building big weeks.",,current,,
Asics,Versablast 4,daily_trainer,neutral,balanced,,8,260,standard,medium,none,easy_miles;first_shoe;walking;gym,no,yes,low,69.99,SportsShoes,https://www.sportsshoes.com/product/asi16979/,,,,,,,https://cdn11.bigcommerce.com/s-21x65e8kfn/images/stencil/original/products/90883/509653/ASI16979_1000_1__77663.1781511475.jpg,,"The cheapest way into a proper running shoe. Light and simple, but it will not last long.",,current,,
New Balance,Fresh Foam 680v9,daily_trainer,neutral,balanced,,8,258,standard,medium,none,easy_miles;first_shoe;walking;gym,no,yes,medium,79.99,SportsShoes,https://www.sportsshoes.com/product/new696279/,,,,,,,https://cdn11.bigcommerce.com/s-21x65e8kfn/images/stencil/original/products/87188/483902/NEW696279_1000_1__27682.1772540466.jpg,,"A plain, comfortable first running shoe at a sensible price.",,current,,
Nike,Juniper Trail 3,trail,neutral,balanced,,10,323,standard,medium,none,trail;walking;easy_miles,no,yes,medium,79.99,SportsShoes,https://www.sportsshoes.com/product/nik25690/,,,,,,,https://cdn11.bigcommerce.com/s-21x65e8kfn/images/stencil/original/products/91227/512301/NIK25690_1000_1__44801.1782382704.jpg,,"A cheap way onto the trails. Heavy, but grippy enough for towpaths and light hills.",,current,,
New Balance,DynaSoft Nitrel v6,trail,neutral,balanced,,6,286,standard,medium,none,trail;easy_miles;walking,no,yes,medium,89.99,SportsShoes,https://www.sportsshoes.com/product/new696240/,,,,,,,https://cdn11.bigcommerce.com/s-21x65e8kfn/images/stencil/original/products/85654/473550/NEW696240_1000_1__17763.1769174531.jpg,,Budget trail shoe for easier off road runs rather than mountains.,,current,,
Asics,Gel-Pulse 17,daily_trainer,neutral,balanced,39,12,275,standard;wide,narrow,none,easy_miles;first_shoe;walking;gym,yes,yes,medium,99.99,SportsShoes,https://www.sportsshoes.com/product/asi16611/,,,,,,,https://cdn11.bigcommerce.com/s-21x65e8kfn/images/stencil/original/products/92336/519884/ASI16611_1000_1__99976.1785147423.jpg,https://runrepeat.com/uk/asics-gel-pulse-17,"Asics at a sensible price for everyday runs. It is snug across the toes, so try the wide fitting if that bothers you.",,current,,
Nike,Winflo 12,daily_trainer,neutral,plush,41,11,305,standard;wide;extra_wide,medium,none,easy_miles;long_run;comfort;first_shoe;walking;gym,yes,yes,medium,99.99,SportsShoes,https://www.sportsshoes.com/product/nik25740/,,,,,,,https://cdn11.bigcommerce.com/s-21x65e8kfn/images/stencil/original/products/92570/521492/NIK25740_1000_1__77964.1785493183.jpg,https://runrepeat.com/uk/nike-winflo-12,"Nike's cheapest soft trainer. Forgiving underfoot for steady miles, and it comes in a 4E fitting.",,current,,
Brooks,Revel 9,daily_trainer,neutral,balanced,33,9,269,standard;wide,medium,none,easy_miles;first_shoe;walking;gym,yes,yes,high,100,SportsShoes,https://www.sportsshoes.com/product/bro3728/,,,,,,,https://cdn11.bigcommerce.com/s-21x65e8kfn/images/stencil/original/products/93982/530573/BRO3728_1000_1__11230.1788956199.jpg,https://runrepeat.com/uk/brooks-revel-9,"Brooks at their cheapest, and the outsole wears unusually well. A sound first pair or a knockabout second shoe.",,current,,
New Balance,Fresh Foam X EVOZ v4,daily_trainer,neutral,balanced,31,6,286,standard;wide;extra_wide,medium,none,easy_miles;first_shoe;walking;gym,no,yes,medium,109.99,SportsShoes,https://www.sportsshoes.com/product/new696846/,,,,,,,https://cdn11.bigcommerce.com/s-21x65e8kfn/images/stencil/original/products/91983/517497/NEW696846_1000_1__30591.1784110670.jpg,https://runrepeat.com/new-balance-fresh-foam-x-evoz-v-4,Low to the ground with a 4E fitting available. Better for shorter runs and the gym than for building big weeks.,,current,,
Asics,GT-1000 15,stability,mild_support,balanced,35,10,278,standard;wide;extra_wide,medium,none,easy_miles;long_run;first_shoe;walking;gym,yes,yes,high,114.99,SportsShoes,https://www.sportsshoes.com/product/asi16595/,,,,,,,https://cdn11.bigcommerce.com/s-21x65e8kfn/images/stencil/original/products/93370/526861/ASI16595_1000_1__39709.1787584651.jpg,https://runrepeat.com/uk/asics-gt-1000-15,"The cheapest way into Asics support. Gentle guidance, hard wearing, and there is a 4E fitting.",,current,,
Asics,Gel-Venture 11,trail,neutral,firm,35,12,320,standard;wide;extra_wide,medium,none,trail;easy_miles;walking,yes,yes,medium,69.99,SportsShoes,https://www.sportsshoes.com/product/asi16631/,,,,,,,https://cdn11.bigcommerce.com/s-21x65e8kfn/images/stencil/original/products/90461/506055/ASI16631_1000_1__60092.1779459417.jpg,https://runrepeat.com/uk/asics-gel-venture-11,"The cheapest trail shoe here and a proper one. Firm and heavy, with enough grip for gravel and the odd rough bit.",,current,,
New Balance,Fresh Foam X Garoe v2,trail,neutral,plush,38,11,269,standard;wide;extra_wide,medium,none,trail;hard_pack;easy_miles;comfort;walking,yes,yes,medium,109.99,SportsShoes,https://www.sportsshoes.com/product/new696844/,,,,,,,https://cdn11.bigcommerce.com/s-21x65e8kfn/images/stencil/original/products/91477/514006/NEW696844_1000_1__23990.1782919114.jpg,https://runrepeat.com/new-balance-fresh-foam-x-garoe-v-2,"Soft and light for a trail shoe, but the lugs are shallow. Made for dry paths and fire roads rather than mud.",,current,,
Merrell,Morphlite,trail,neutral,balanced,32,11,237,standard;wide,narrow,none,trail;hard_pack;easy_miles;walking,no,yes,low,99.99,SportsShoes,https://www.sportsshoes.com/product/mer2845/,,,,,,,https://cdn11.bigcommerce.com/s-21x65e8kfn/images/stencil/original/products/81508/443268/MER2845_1000_1__72167.1755080515.jpg,https://runrepeat.com/uk/merrell-morphlite,"Really a road shoe with a bit of tread. Light and cheap, but it wears out quickly and it is snug up front.",,current,,
Nike,Juniper Trail 2 GORE-TEX,trail,neutral,firm,35,10,293,standard;wide,wide,none,trail;hard_pack;easy_miles;walking,yes,yes,high,104.99,SportsShoes,https://www.sportsshoes.com/product/nik25723/,,,,,,,https://cdn11.bigcommerce.com/s-21x65e8kfn/images/stencil/original/products/91414/513589/NIK25723_1000_10__09808.1782814652.jpg,https://runrepeat.com/nike-juniper-trail-2-gtx,"Waterproof, roomy up front and built to last. Fine on wet paths, but the tread is too shallow for real mud.",,current,,
Adidas,Adistar BYD 2,max_cushion,neutral,plush,45,6,290,standard,medium,nylon,easy_miles;long_run;comfort,yes,yes,medium,164.99,SportsShoes,https://www.sportsshoes.com/product/adi18982/,,,,,,,https://cdn11.bigcommerce.com/s-21x65e8kfn/images/stencil/1500x1500/products/90917/509853/ADI19010_1000_1__36720.1781529404.jpg,https://www.fordyruns.com/post/adidas-adistar-byd-2-review,"Tall, plush and stable underfoot for long easy miles. The plate is composite, not carbon.",,current,,
Adidas,Adizero Adios 9,race,neutral,firm,25,6,176,standard,narrow,nylon,speed_work;race_day,no,no,low,119.99,SportsShoes,https://www.sportsshoes.com/product/adi18953/,,,,,,,https://cdn11.bigcommerce.com/s-21x65e8kfn/images/stencil/1500x1500/products/94058/531089/ADI18953_1000_1__98739.1789053509.jpg,https://runrepeat.com/uk/adidas-adizero-adios-9,"Featherweight racer for 5k up to marathon, firm and narrow. No carbon, just a thin insert.",,current,,
Adidas,Adizero Evo SL ATR,daily_trainer,neutral,balanced,39,8,264,standard;wide,medium,none,easy_miles;long_run;speed_work,yes,yes,high,139.99,SportsShoes,https://www.sportsshoes.com/product/adi19466/,,,,,,,https://cdn11.bigcommerce.com/s-21x65e8kfn/images/stencil/1500x1500/products/93575/528081/ADI19440_1000_1__03278.1787930361.jpg,https://runrepeat.com/adidas-adizero-evo-sl-atr,"Adidas call the drop 6mm, the lab says 8mm. A road shoe with light grip for wet pavements.",adidas-adizero-evo-sl,current,,
Adidas,Adizero Evo SL Woven,daily_trainer,neutral,balanced,37,7,235,standard,medium,none,easy_miles;long_run;speed_work,yes,yes,medium,129.99,SportsShoes,https://www.sportsshoes.com/product/adi19064/,,,,,,,https://cdn11.bigcommerce.com/s-21x65e8kfn/images/stencil/1500x1500/products/85365/471540/ADI18498_1000_1__35405.1768479690.jpg,https://theruntesters.com/running-shoes/adidas-adizero-evo-sl-woven-review/,"Fast enough for tempo but happy on easy days too. Sources disagree on the drop, call it 6 to 7mm.",adidas-adizero-evo-sl,current,,
Adidas,Adizero Pacer,daily_trainer,neutral,firm,37,7,255,standard,medium,none,easy_miles;speed_work;gym,yes,yes,medium,84.99,SportsShoes,https://www.sportsshoes.com/product/adi19014/,,,,,,,https://cdn11.bigcommerce.com/s-21x65e8kfn/images/stencil/1500x1500/products/90734/508553/ADI19055_1000_1__90583.1781000286.jpg,https://www.rtings.com/running-shoes/reviews/adidas/adizero-pacer,"Cheap and versatile, but punishingly firm underfoot. Standard width only, with a low toebox.",,current,,
Adidas,Adizero Prime X3 Strung,max_cushion,neutral,balanced,48,13,291,standard,medium,carbon,easy_miles;long_run;speed_work,yes,no,medium,249.99,SportsShoes,https://www.sportsshoes.com/product/adi19000/,,,,,,,https://cdn11.bigcommerce.com/s-21x65e8kfn/images/stencil/1500x1500/products/84207/462342/ADI18331_1000_1__89383.1764080434.jpg,https://runrepeat.com/uk/adidas-adizero-prime-x-3-strung,"The 48mm stack is illegal for official racing, and the drop measures 13mm, not the 7mm claimed.",,current,,
Adidas,Adizero Takumi Sen 11,race,neutral,balanced,31,7,184,standard,narrow,nylon,speed_work;race_day,no,no,low,169.99,SportsShoes,https://www.sportsshoes.com/product/adi18954/,,,,,,,https://cdn11.bigcommerce.com/s-21x65e8kfn/images/stencil/1500x1500/products/93721/528982/ADI18954_1000_1__86816.1788444947.jpg,https://runrepeat.com/uk/adidas-adizero-takumi-sen-11,A 5k to 10k racer with rods rather than a carbon plate. Narrow fit and very little heel support.,,current,,
Adidas,Duramo RC2,daily_trainer,neutral,firm,27,6,246,standard,medium,none,easy_miles;walking;gym,no,yes,medium,39.99,SportsShoes,https://www.sportsshoes.com/product/adi18967/,,,,,,,https://cdn11.bigcommerce.com/s-21x65e8kfn/images/stencil/1500x1500/products/79222/424184/ADI17823_1000_1__73743.1747996180.jpg,,"Under forty pounds, firm underfoot with a low 27mm heel. Best for lighter runners and walking.",,current,,
Adidas,Galaxy 8,daily_trainer,neutral,balanced,37,7,318,standard;wide,narrow,none,easy_miles;walking;comfort;first_shoe,yes,yes,high,44.99,SportsShoes,https://www.sportsshoes.com/product/adi19006/,,,,,,,https://cdn11.bigcommerce.com/s-21x65e8kfn/images/stencil/1500x1500/products/93700/528886/ADI19029_1000_1__36951.1788434294.jpg,https://runrepeat.com/uk/adidas-galaxy-8,"Budget first shoe that lasts, though 318g is properly heavy and the toebox runs narrow.",,current,,
Adidas,Hyperboost Edge,max_cushion,neutral,plush,45,7,247,standard;wide,narrow,none,easy_miles;long_run;comfort,yes,yes,high,169.99,SportsShoes,https://www.sportsshoes.com/product/adi19068/,,,,,,,https://cdn11.bigcommerce.com/s-21x65e8kfn/images/stencil/1500x1500/products/87779/488036/ADI18932_1000_1__93802.1773663704.jpg,https://runrepeat.com/adidas-hyperboost-edge,"Genuinely soft under a tall 45mm stack, and light with it. Not for anyone who needs toe room.",,current,,
Adidas,Runfalcon 6 ATR,trail,neutral,balanced,,10,300,standard,medium,none,trail;easy_miles;comfort,yes,yes,high,49.99,SportsShoes,https://www.sportsshoes.com/product/adi18957/,,,,,,,https://cdn11.bigcommerce.com/s-21x65e8kfn/images/stencil/1500x1500/products/90778/508878/ADI18957_1000_1__62038.1781093827.jpg,,"Road to trail at fifty pounds. Shallow lugs, so keep it to dry paths rather than proper mud.",,current,,
Adidas,Terrex Agravic SL,trail,neutral,balanced,32,3,281,standard;wide,narrow,none,trail;hard_pack;speed_work,yes,no,medium,139.99,SportsShoes,https://www.sportsshoes.com/product/adi19081/,,,,,,,https://cdn11.bigcommerce.com/s-21x65e8kfn/images/stencil/1500x1500/products/90817/509189/ADI19001_1000_1__50873.1781176568.jpg,https://runrepeat.com/adidas-terrex-agravic-sl,"Low and firm with a 3mm drop, not the 6mm claimed. Shallow lugs suit dry hard ground only.",,current,,
Adidas,Terrex Agravic Speed 2,trail,neutral,balanced,35,8,230,standard,narrow,none,trail;race_day;speed_work,no,no,medium,139.99,SportsShoes,https://www.sportsshoes.com/product/adi18602/,,,,,,,https://cdn11.bigcommerce.com/s-21x65e8kfn/images/stencil/1500x1500/products/86202/477338/ADI18609_1000_1__24320.1770391329.jpg,https://believeintherun.com/shoe-reviews/adidas-terrex-agravic-speed-2-review/,"Light trail racer for dry days. Runs narrow through the forefoot, and testers report toe rub.",,current,,
Adidas,Terrex Agravic TT,trail,neutral,plush,35,9,301,standard,narrow,nylon,trail;long_run;easy_miles,yes,no,medium,159.99,SportsShoes,https://www.sportsshoes.com/product/adi18613/,,,,,,,https://cdn11.bigcommerce.com/s-21x65e8kfn/images/stencil/1500x1500/products/86190/477349/ADI18610_1000_1__21705.1770391329.jpg,https://runrepeat.com/adidas-terrex-agravic-tt,"Deeply rockered and soft for a trail shoe, with 4mm lugs. The thin upper needs looking after.",,current,,
Adidas,Terrex Tracefinder Plus GORE-TEX,trail,neutral,balanced,36,7,328,standard,medium,none,trail;easy_miles;walking,yes,yes,high,99.99,SportsShoes,https://www.sportsshoes.com/product/adi18978/,,,,,,,https://cdn11.bigcommerce.com/s-21x65e8kfn/images/stencil/1500x1500/products/92703/522373/ADI18978_1000_1__12853.1785852929.jpg,,Waterproof and well armoured for wet winter miles. At 328g it plods rather than flies.,,current,,
Altra,Escalante 4,daily_trainer,neutral,balanced,24,1,237,standard,wide,none,easy_miles;gym;comfort,no,no,high,124.99,SportsShoes,https://www.sportsshoes.com/product/alt799/,,,,,,,https://cdn11.bigcommerce.com/s-21x65e8kfn/images/stencil/1500x1500/products/70706/362289/ALT608_1000_6__77865.1725020311.jpg,https://runrepeat.com/altra-escalante-4,"Effectively zero drop with a proper wide toebox. Firm underfoot, and not a first running shoe.",,current,,
Altra,Escalante Racer 2,race,neutral,firm,23,1,224,standard;wide,wide,none,speed_work;race_day;easy_miles,no,no,medium,129.99,SportsShoes,https://www.sportsshoes.com/product/alt904/,,,,,,,https://cdn11.bigcommerce.com/s-21x65e8kfn/images/stencil/1500x1500/products/76032/400418/ALT785_1000_1__67599.1739276425.jpg,https://runrepeat.com/altra-escalante-racer-2,Zero drop racing with room for your toes. Thin heel padding and no cushioning to hide behind.,,current,,
Altra,Experience Wild 3 Plus,trail,neutral,balanced,33,4,278,standard,wide,none,trail;long_run;easy_miles,yes,yes,high,129.99,SportsShoes,https://www.sportsshoes.com/product/alt1043/,,,,,,,https://cdn11.bigcommerce.com/s-21x65e8kfn/images/stencil/1500x1500/products/86973/482522/ALT986_1000_5__89752.1772101462.jpg,https://www.doctorsofrunning.com/2026/03/altra-experience-wild-3-quick.html,"Vibram grip with 4mm lugs that cope with mud, plus a roomy toebox. Easy to get on with.",,current,,
Altra,FWD VIA 2,daily_trainer,neutral,plush,37,8,272,standard,wide,none,easy_miles;long_run;comfort,yes,yes,medium,154.99,SportsShoes,https://www.sportsshoes.com/product/alt1067/,,,,,,,https://cdn11.bigcommerce.com/s-21x65e8kfn/images/stencil/1500x1500/products/93028/524705/ALT1066_1000_1__17948.1786616259.jpg,https://runrepeat.com/altra-fwd-via-2,"Soft and comfortable for long easy runs, but it measures 8mm drop, not the 4mm claimed.",,current,,
Altra,Olympus 275 HiLo,trail,neutral,plush,33,0,298,standard,wide,none,trail;long_run;comfort,yes,no,high,174.99,SportsShoes,https://www.sportsshoes.com/product/alt1040/,,,,,,,https://cdn11.bigcommerce.com/s-21x65e8kfn/images/stencil/1500x1500/products/92313/519697/ALT1040_1000_1__17225.1785136625.jpg,https://www.run4it.com/blogs/journal/altra-olympus-275-hilo-review,"Still zero drop despite the name, so ease into it. Cushioned, grippy and built for long days.",altra-olympus,current,,
Altra,Olympus 7,trail,neutral,plush,33,0,320,standard,wide,none,trail;long_run;comfort,yes,no,high,164.99,SportsShoes,https://www.sportsshoes.com/product/alt1078/,,,,,,,https://cdn11.bigcommerce.com/s-21x65e8kfn/images/stencil/1500x1500/products/93052/524818/ALT1078_1000_1__22834.1786630631.jpg,,"Piles on cushioning for all day trail use. Zero drop and 320g, so not a shoe to rush into.",altra-olympus,current,,
Altra,Timp 6,trail,neutral,balanced,30,1,289,standard;wide,wide,none,trail;long_run;easy_miles,yes,no,high,144.99,SportsShoes,https://www.sportsshoes.com/product/alt1082/,,,,,,,https://cdn11.bigcommerce.com/s-21x65e8kfn/images/stencil/1500x1500/products/93435/527283/ALT1081_1000_1__75169.1787743046.png,https://runrepeat.com/uk/altra-timp-6,"Wide toebox, near zero drop and grip that lasts. Lugs are shallow, so think dry trails.",,current,,
Altra,Vanish Pulse,tempo,neutral,firm,24,1,245,standard,wide,none,speed_work;race_day,no,no,low,129.99,SportsShoes,https://www.sportsshoes.com/product/alt1072/,,,,,,,https://cdn11.bigcommerce.com/s-21x65e8kfn/images/stencil/1500x1500/products/93078/524967/ALT1071_1000_1__88314.1786706162.jpg,https://www.rtings.com/running-shoes/reviews/altra/vanish-pulse,"Firm and fast with almost no drop. Very little foam, so save it for shorter, quicker efforts.",,current,,
Asics,Dynablast 6,daily_trainer,neutral,balanced,41,10,270,standard,medium,none,easy_miles;long_run;comfort,yes,yes,high,114.99,SportsShoes,https://www.sportsshoes.com/product/asi16776/,,,,,,,https://cdn11.bigcommerce.com/s-21x65e8kfn/images/stencil/1500x1500/products/93037/524735/ASI16775_1000_1__89606.1786619945.jpg,https://www.rtings.com/running-shoes/reviews/asics/dynablast-6,"High stacked and easygoing for daily miles, with a 10mm drop. The toebox is shallow on top.",,current,,
Asics,Fuji Lite 6,trail,neutral,balanced,34,4,249,standard,medium,none,trail;easy_miles,yes,yes,medium,124.99,SportsShoes,https://www.sportsshoes.com/product/asi16277/,,,,,,,https://cdn11.bigcommerce.com/s-21x65e8kfn/images/stencil/1500x1500/products/80628/435811/ASI16001_1000_1__11904.1752502887.jpg,https://run247.com/running-shoe-reviews/asics-fuji-lite-6-trail-shoe-review-the-verdict-on-this-lightweight-responsive-trail-shoe,"Nimble on soft ground with 4mm lugs. The midsole is thin, so avoid long rocky routes.",,current,,
Asics,Fujispeed 4,trail,neutral,firm,24,5,240,standard,medium,nylon,trail;speed_work;race_day,no,no,low,159.99,SportsShoes,https://www.sportsshoes.com/product/asi16103/,,,,,,,https://cdn11.bigcommerce.com/s-21x65e8kfn/images/stencil/1500x1500/products/81168/440184/ASI16103_1000_1__50174.1754054513.jpg,https://mountainreview.com/en/review/asics-fujispeed-4-shoes/,Quick and firm on trail with a full length plate. Low on cushioning and it will not last long.,,current,,
Asics,Gel-Sonoma 8,trail,neutral,balanced,,8,300,standard,medium,none,trail;easy_miles;walking,yes,yes,high,89.99,SportsShoes,https://www.sportsshoes.com/product/asi16627/,,,,,,,https://cdn11.bigcommerce.com/s-21x65e8kfn/images/stencil/1500x1500/products/79443/426211/ASI15925_1000_1__79947.1749036055.jpg,,Sturdy and cheap for trail walks and easy miles. Asics publish no stack height for it.,,current,,
Asics,Glideride Max 2,max_cushion,neutral,balanced,42,11,264,standard;wide,medium,none,easy_miles;long_run;comfort,yes,yes,high,159.99,SportsShoes,https://www.sportsshoes.com/product/asi16255/,,,,,,,https://cdn11.bigcommerce.com/s-21x65e8kfn/images/stencil/1500x1500/products/84316/463326/ASI16255_1000_1__40883.1764242450.jpg,https://runrepeat.com/uk/asics-glideride-max-2,"Big, smooth cushioning for long slow miles. Be warned, the drop measures 11mm, not 6mm.",,current,,
Asics,Noosa Tri 16,tempo,neutral,balanced,33,6,217,standard;wide,wide,none,speed_work;race_day;easy_miles,no,no,medium,134.99,SportsShoes,https://www.sportsshoes.com/product/asi16615/,,,,,,,https://cdn11.bigcommerce.com/s-21x65e8kfn/images/stencil/1500x1500/products/79814/429216/ASI15919_1000_1__60162.1750425670.jpg,https://runrepeat.com/uk/asics-noosa-tri-16,"217g of speed with a genuinely roomy toebox. The upper is flimsy, so not a mileage shoe.",,current,,
Asics,SONICBLAST,tempo,neutral,balanced,45,9,255,standard,narrow,nylon,long_run;speed_work;race_day,yes,no,medium,169.99,SportsShoes,https://www.sportsshoes.com/product/asi16185/,,,,,,,https://cdn11.bigcommerce.com/s-21x65e8kfn/images/stencil/1500x1500/products/84831/467369/ASI16208_1000_1__14233.1765902041.jpg,https://runrepeat.com/uk/asics-sonicblast,"Plated and fast for long tempo work on a 45mm stack. Narrow through the toes, one width only.",,current,,
Asics,Trabuco 14,trail,neutral,balanced,32,6,283,standard;wide,wide,none,trail;long_run;easy_miles,yes,yes,high,139.99,SportsShoes,https://www.sportsshoes.com/product/asi16624/,,,,,,,https://cdn11.bigcommerce.com/s-21x65e8kfn/images/stencil/1500x1500/products/84363/463796/ASI16205_1000_1__96909.1767802840.jpg,https://runrepeat.com/uk/asics-trabuco-14,"Long trail days in comfort, with a rock plate and room for your toes. Lugs handle most ground.",,current,,
Asics,Trabuco Max 5,trail,neutral,firm,40,5,298,standard,medium,none,trail;long_run;comfort,yes,yes,high,159.99,SportsShoes,https://www.sportsshoes.com/product/asi16620/,,,,,,,https://cdn11.bigcommerce.com/s-21x65e8kfn/images/stencil/1500x1500/products/84364/463773/ASI16204_1000_1__20061.1767802840.jpg,https://meta-endurance.com/asics-trabuco-max-5-review/,Billed as max cushioned but the ride is firm. Deep lugs and plenty of stack for long trails.,,current,,
Brooks,Divide 6,trail,neutral,balanced,,8,297,standard,medium,none,trail;easy_miles;first_shoe,yes,yes,medium,110,SportsShoes,https://www.sportsshoes.com/product/bro3628/,,,,,,,https://cdn11.bigcommerce.com/s-21x65e8kfn/images/stencil/1500x1500/products/80111/431577/BRO3354_1000_1__40609.1751296869.jpg,,A gentle first trail shoe that handles road to trail. Brooks publish no stack height.,,current,,
Brooks,Ghost Amp,daily_trainer,neutral,balanced,35,8,249,standard;wide,medium,none,easy_miles;long_run;comfort,yes,yes,high,135,SportsShoes,https://www.sportsshoes.com/product/bro3710/,,,,,,,https://cdn11.bigcommerce.com/s-21x65e8kfn/images/stencil/1500x1500/products/94006/530725/BRO3736_1000_1__42294.1788967015.jpg,https://runrepeat.com/uk/brooks-ghost-amp,The safe daily pick for any easy run. The foam is sold as springy but returns little energy.,,current,,
Brooks,Glycerin Flex,daily_trainer,neutral,balanced,35,9,277,standard,narrow,none,easy_miles;comfort;long_run,yes,yes,medium,165,SportsShoes,https://www.sportsshoes.com/product/bro3518/,,,,,,,https://cdn11.bigcommerce.com/s-21x65e8kfn/images/stencil/1500x1500/products/93989/530650/BRO3734_1000_1__01979.1788963361.jpg,https://runrepeat.com/uk/brooks-glycerin-flex,"Cushioned and easy for comfort miles, but it runs like a 9mm drop and the toebox is narrow.",,current,,
Brooks,Glycerin GTS 23,stability,stability,firm,38,8,306,standard;wide,medium,none,easy_miles;long_run;comfort,yes,yes,high,165,SportsShoes,https://www.sportsshoes.com/product/bro3559/,,,,,,,https://cdn11.bigcommerce.com/s-21x65e8kfn/images/stencil/1500x1500/products/85105/469432/BRO3524_1000_1__41247.1767774029.jpg,https://www.doctorsofrunning.com/brooks-glycerin-gts-23-review-2026/,"Assertive support from full length GuideRails if your feet roll in. Dense, firm and 306g.",,current,,
Brooks,Glycerin Max 2,max_cushion,neutral,plush,45,8,318,standard;narrow,medium,none,long_run;easy_miles;comfort,yes,yes,high,180,SportsShoes,https://www.sportsshoes.com/product/bro3639/,,,,,,,https://cdn11.bigcommerce.com/s-21x65e8kfn/images/stencil/1500x1500/products/83827/459052/BRO3459_1000_1__79972.1761819621.jpg,https://runrepeat.com/uk/brooks-glycerin-max-2,"Maximum softness for long slow runs, at a hefty 318g. Measured drop is 8mm, not the 6mm claimed.",,current,,
Brooks,Revel Max,daily_trainer,neutral,plush,39,13,281,standard,narrow,none,easy_miles;first_shoe;comfort;walking,yes,yes,high,110,SportsShoes,https://www.sportsshoes.com/product/bro3522/,,,,,,,https://cdn11.bigcommerce.com/s-21x65e8kfn/images/stencil/1500x1500/products/84287/463220/BRO3530_1000_1__90904.1764238896.jpg,https://runrepeat.com/uk/brooks-revel-max,"Very soft and good value, but a heel striker's shoe: the drop measures 12.5mm, not 6mm.",,current,,
Hoka,Clifton Pro,daily_trainer,neutral,balanced,43,10,264,standard;narrow;wide,narrow,none,easy_miles;long_run;comfort,yes,yes,high,149.99,SportsShoes,https://www.sportsshoes.com/product/hok3873/,,,,,,,https://cdn11.bigcommerce.com/s-21x65e8kfn/images/stencil/1500x1500/products/93654/528564/HOK3873_1000_1__40127.1788351430.jpg,https://runrepeat.com/uk/hoka-clifton-pro,"A tall daily shoe that suits heel strikers. Balanced rather than soft, and snug through the toes.",,current,,
Hoka,Mach X 3,tempo,neutral,plush,43,10,264,standard;wide,narrow,nylon,speed_work;long_run;easy_miles,yes,no,medium,169.99,SportsShoes,https://www.sportsshoes.com/product/hok3891/,,,,,,,https://cdn11.bigcommerce.com/s-21x65e8kfn/images/stencil/1500x1500/products/93615/528296/HOK3891_1000_1__74827.1788272257.jpg,https://runrepeat.com/uk/hoka-mach-x-3,A Pebax plate for tempo days with enough foam left for long runs. Not a first shoe.,,current,,
Hoka,Mafate 5,trail,neutral,balanced,43,9,315,standard,medium,none,trail;long_run;easy_miles,yes,yes,high,169.99,SportsShoes,https://www.sportsshoes.com/product/hok3893/,,,,,,,https://cdn11.bigcommerce.com/s-21x65e8kfn/images/stencil/1500x1500/products/93607/528255/HOK3893_1000_1__53592.1788268736.jpg,https://runrepeat.com/uk/hoka-mafate-5,Heavy at 315g but built for long days on soft ground. An ultra shoe rather than a quick one.,,current,,
Hoka,Mafate X,trail,neutral,balanced,47,11,335,standard,medium,carbon,trail;long_run;hard_pack;comfort,yes,no,medium,184.99,SportsShoes,https://www.sportsshoes.com/product/hok3319/,,,,,,,https://cdn11.bigcommerce.com/s-21x65e8kfn/images/stencil/1500x1500/products/85205/470239/HOK3319_1000_1__66097.1767968460.jpg,https://runrepeat.com/uk/hoka-mafate-x,"Tall, carbon plated and 335g. Lugs are shallow, so gravel and road to trail, not technical ground.",,current,,
Hoka,Rincon 5,daily_trainer,neutral,firm,40,10,257,standard;wide,medium,none,easy_miles;speed_work;walking,yes,yes,low,114.99,SportsShoes,https://www.sportsshoes.com/product/hok3614/,,,,,,,https://cdn11.bigcommerce.com/s-21x65e8kfn/images/stencil/1500x1500/products/93716/529001/HOK3811_1000_1__89206.1788444971.jpg,https://www.rtings.com/running-shoes/reviews/hoka/rincon-5,"Light and firm, especially at the forefoot. The thin outsole will not last as long as most.",,current,,
Hoka,Skyflow,daily_trainer,neutral,balanced,39,9,282,standard;wide,narrow,none,easy_miles;long_run;comfort,yes,yes,high,149.99,SportsShoes,https://www.sportsshoes.com/product/hok2565/,,,,,,,https://cdn11.bigcommerce.com/s-21x65e8kfn/images/stencil/1500x1500/products/94059/531174/HOK3908_1000_1__20120.1789053543.png,https://runrepeat.com/uk/hoka-skyflow,"Denser underfoot than it looks, with a snug toebox. Steady easy miles rather than plush comfort.",,current,,
Hoka,Skyward X 2,max_cushion,neutral,plush,46,8,286,standard;wide,medium,carbon,easy_miles;long_run;comfort,yes,yes,medium,189.99,SportsShoes,https://www.sportsshoes.com/product/hok3799/,,,,,,,https://cdn11.bigcommerce.com/s-21x65e8kfn/images/stencil/1500x1500/products/93644/528470/HOK3799_1000_1__48244.1788344209.jpg,https://runrepeat.com/uk/hoka-skyward-x-2,"Soft PEBA foam over a carbon plate, but made for easy long miles rather than racing.",,current,,
Hoka,Stinson 8,trail,mild_support,plush,42,5,315,standard,medium,none,easy_miles;long_run;comfort;trail,yes,yes,high,159.99,SportsShoes,https://www.sportsshoes.com/product/hok3849/,,,,,,,https://cdn11.bigcommerce.com/s-21x65e8kfn/images/stencil/1500x1500/products/93856/529731/HOK3902_1000_1__13847.1788790637.jpg,https://www.doctorsofrunning.com/hoka-stinson-8-review/,"Huge cushioning and light guidance for road to trail. At 315g, not one for technical ground.",,current,,
Hoka,Torrent 5,trail,neutral,balanced,35,5,264,standard,medium,none,trail;easy_miles;speed_work,yes,yes,medium,124.99,SportsShoes,https://www.sportsshoes.com/product/hok3815/,,,,,,,https://cdn11.bigcommerce.com/s-21x65e8kfn/images/stencil/1500x1500/products/93879/529835/HOK3815_1000_1__92885.1788794168.jpg,,"Light for a trail shoe, with deep 5mm lugs. Happy on soft ground and quick enough for efforts.",,current,,
Hoka,Zinal 3,trail,mild_support,firm,31,5,253,standard,narrow,none,trail;speed_work;race_day,yes,yes,medium,139.99,SportsShoes,https://www.sportsshoes.com/product/hok3643/,,,,,,,https://cdn11.bigcommerce.com/s-21x65e8kfn/images/stencil/1500x1500/products/89054/496558/HOK3554_1000_1__55670.1776258985.jpg,https://believeintherun.com/shoe-reviews/hoka-zinal-3-review/,"Firm, slim and quick over shorter trail races. Too little foam underfoot for ultra distances.",,current,,
Inov8,TrailFly Speed V2,trail,neutral,firm,26,5,286,standard;wide,wide,none,trail;speed_work;race_day,no,yes,medium,139.99,SportsShoes,https://www.sportsshoes.com/product/ino2614/,,,,,,,https://cdn11.bigcommerce.com/s-21x65e8kfn/images/stencil/1500x1500/products/84149/461915/INO2614_1000_1__78673.1763727653.jpg,https://runrepeat.com/uk/inov-8-trail-fly-speed-v-2,"Low, firm and wide up front, with a rock plate for stony ground. Little help for heavier runners.",,current,,
Inov8,TrailFly V2,trail,neutral,balanced,34,9,278,standard;wide,wide,none,trail;easy_miles;long_run,yes,yes,high,129.99,SportsShoes,https://www.sportsshoes.com/product/ino2617/,,,,,,,https://cdn11.bigcommerce.com/s-21x65e8kfn/images/stencil/1500x1500/products/83961/460386/INO2644_1000_1__99020.1762773645.jpg,https://runrepeat.com/uk/inov-8-trailfly-v-2,"Roomy and hard wearing, but the grip disappoints for the money. Drop runs nearer 9mm than 6mm.",,current,,
Inov8,Trailtalon,trail,neutral,balanced,34,8,289,standard;wide,wide,none,trail;easy_miles;long_run,yes,yes,high,129.99,SportsShoes,https://www.sportsshoes.com/product/ino2490/,,,,,,,https://cdn11.bigcommerce.com/s-21x65e8kfn/images/stencil/1500x1500/products/93065/524912/INO2759_1000_1__78873.1786691923.jpg,https://runrepeat.com/uk/inov-8-trailtalon,"Deep 5.4mm lugs and a wide toebox for muddy days. Flexible, and taller than inov8 claims.",,current,,
Inov8,Trailtalon Speed,trail,neutral,firm,11,4,275,standard;wide,wide,none,trail;speed_work;race_day,no,yes,medium,139.99,SportsShoes,https://www.sportsshoes.com/product/ino2380/,,,,,,,https://cdn11.bigcommerce.com/s-21x65e8kfn/images/stencil/1500x1500/products/74198/380890/INO2402_1000_7__47655.1753701602.jpg,https://www.irunfar.com/inov8-trailtalon-speed-review,"A firm minimalist racer on 6mm lugs. Very little underfoot, so build into it slowly.",,current,,
Merrell,ProMorph,trail,neutral,balanced,33,6,266,standard;wide,narrow,none,trail;long_run;easy_miles;hard_pack,yes,yes,medium,139.99,SportsShoes,https://www.sportsshoes.com/product/mer2933/,,,,,,,https://cdn11.bigcommerce.com/s-21x65e8kfn/images/stencil/1500x1500/products/81159/440227/MER2870_1000_1__91637.1754054520.jpg,https://believeintherun.com/shoe-reviews/merrell-promorph-review/,"Lugs are only 2.2mm, so keep it to dry paths and gravel. Narrow through the toes.",,current,,
Merrell,Trail Glove 8,trail,neutral,firm,14,0,220,standard,narrow,none,trail;walking;gym,no,no,medium,119.99,SportsShoes,https://www.sportsshoes.com/product/mer2935/,,,,,,,https://cdn11.bigcommerce.com/s-21x65e8kfn/images/stencil/1500x1500/products/89045/496470/MER2935_1000_1__42783.1776251964.jpg,https://www.outdoorgearlab.com/reviews/shoes-and-boots/barefoot-shoes-men/merrell-trail-glove-8,"Barefoot feel, zero drop and 14mm underfoot. Only if your calves are already used to it.",,current,,
Merrell,Vapor Glove 7,trail,neutral,firm,8,0,190,standard,narrow,none,trail;walking;gym;hard_pack,no,no,low,109.99,SportsShoes,https://www.sportsshoes.com/product/mer2942/,,,,,,,https://cdn11.bigcommerce.com/s-21x65e8kfn/images/stencil/1500x1500/products/89064/496603/MER2976_1000_1__09602.1776262696.jpg,https://gearjunkie.com/footwear/running-footwear/merrell-vapor-glove-7-review,Almost nothing between you and the ground at 8mm. Better for walking and gym than running.,merrell-vapor-glove,current,,
Merrell,Vapor Glove 7 Leather,trail,neutral,firm,8,0,209,standard,narrow,none,trail;gym;walking,no,no,low,119.99,SportsShoes,https://www.sportsshoes.com/product/mer2943/,,,,,,,https://cdn11.bigcommerce.com/s-21x65e8kfn/images/stencil/1500x1500/products/89063/496596/MER2945_1000_1__73017.1776262696.jpg,,"The leather take on Merrell's barefoot shoe. Zero drop and 8mm of stack, so not for beginners.",merrell-vapor-glove,current,,
Mizuno,Neo Zen 2,max_cushion,neutral,plush,40,5,237,standard;wide,narrow,none,easy_miles;long_run;comfort,yes,yes,medium,139.99,SportsShoes,https://www.sportsshoes.com/product/miz6638/,,,,,,,https://cdn11.bigcommerce.com/s-21x65e8kfn/images/stencil/1500x1500/products/85398/471745/MIZ6637_1000_1__95118.1771348892.jpg,https://runrepeat.com/uk/mizuno-neo-zen-2,"Light and soft, aimed at comfort rather than bounce. The upper materials wear through quickly.",,current,,
New Balance,1080v15,daily_trainer,neutral,plush,37,6,255,standard;narrow;wide;extra_wide,medium,none,easy_miles;long_run;comfort,yes,yes,medium,169.99,SportsShoes,https://www.sportsshoes.com/product/new696269/,,,,,,,https://cdn11.bigcommerce.com/s-21x65e8kfn/images/stencil/1500x1500/products/85975/475887/NEW696269_1000_1__86740.1770049335.jpg,https://runrepeat.com/uk/new-balance-1080-v-15,"Very soft underfoot, which costs it some side to side steadiness. Widths from narrow up to 4E.",,current,,
New Balance,410v9,trail,neutral,balanced,,8,331,standard,medium,none,trail;easy_miles;walking,yes,yes,medium,69.99,SportsShoes,https://www.sportsshoes.com/product/new696753/,,,,,,,https://cdn11.bigcommerce.com/s-21x65e8kfn/images/stencil/1500x1500/products/87411/485393/NEW696312_1000_1__40676.1772806922.jpg,,"A cheap light trail shoe for paths and walks. Heavy at 331g, so nothing quick.",,current,,
New Balance,411v3,daily_trainer,neutral,balanced,,8,192,standard,medium,none,easy_miles;walking;gym;first_shoe,no,no,medium,44.99,SportsShoes,https://www.sportsshoes.com/product/new696682/,,,,,,,https://cdn11.bigcommerce.com/s-21x65e8kfn/images/stencil/1500x1500/products/75166/389660/NEW695767_1000_1__09417.1737109193.jpg,,"Very cheap and very light at 192g. Thin outsole and little protection, so gym and walking.",,current,,
New Balance,520v9,daily_trainer,neutral,balanced,,10,271,standard;wide;extra_wide,medium,none,easy_miles;walking;first_shoe;comfort,yes,yes,medium,59.99,SportsShoes,https://www.sportsshoes.com/product/new695803/,,,,,,,https://cdn11.bigcommerce.com/s-21x65e8kfn/images/stencil/1500x1500/products/76994/407792/NEW695804_1000_1__51148.1741018849.jpg,,A forgiving budget everyday shoe with a high 10mm drop. Also sold in 2E and 4E widths.,,current,,
New Balance,Ellipse,daily_trainer,neutral,plush,37,10,261,standard;narrow;wide;extra_wide,medium,none,easy_miles;long_run;comfort,yes,yes,medium,129.99,SportsShoes,https://www.sportsshoes.com/product/new696345/,,,,,,,https://cdn11.bigcommerce.com/s-21x65e8kfn/images/stencil/1500x1500/products/87095/483285/NEW696345_1000_6__36730.1772212928.jpg,https://runrepeat.com/uk/new-balance-ellipse,"Very soft and neutral, with no real side support. Drop is nearer 10mm than the claimed 8mm.",,current,,
New Balance,FuelCell SuperComp Pacer v2,race,neutral,balanced,33,8,200,standard;wide,medium,carbon,speed_work;race_day,no,no,low,179.99,SportsShoes,https://www.sportsshoes.com/product/new696293/,,,,,,,https://cdn11.bigcommerce.com/s-21x65e8kfn/images/stencil/1500x1500/products/79636/427793/NEW696057_1000_1__86726.1749813657.jpg,https://runrepeat.com/uk/new-balance-fuel-cell-super-comp-pacer-v-2,"Carbon plated and 200g, made for 5k up to half marathon. Save it for the quick days.",,current,,
New Balance,SuperComp Elite v6,race,neutral,balanced,39,14,190,standard;wide,narrow,carbon,race_day;speed_work,no,no,low,229.99,SportsShoes,https://www.sportsshoes.com/product/new696874/,,,,,,,https://cdn11.bigcommerce.com/s-21x65e8kfn/images/stencil/1500x1500/products/93241/526027/NEW696874_1000_1__09855.1787152671.png,https://runrepeat.com/uk/new-balance-super-comp-elite-v-6,"A marathon racer whose drop measures almost 14mm, not 8mm. Thin outsole, so races only.",,current,,
New Balance,SuperComp Rebel,tempo,neutral,balanced,38,9,207,standard;wide,narrow,carbon,speed_work;race_day;long_run,no,no,medium,180,SportsShoes,https://www.sportsshoes.com/product/new696865/,,,,,,,https://cdn11.bigcommerce.com/s-21x65e8kfn/images/stencil/1500x1500/products/93214/525793/NEW696897_1000_1__92827.1787127510.png,https://runrepeat.com/uk/new-balance-super-comp-rebel,Quick and plated for tempo work. The drop measures nearer 9mm than the 4mm claimed.,,current,,
Nike,ACG Pegasus Trail,trail,neutral,balanced,34,9,289,standard,medium,none,trail;easy_miles;long_run,yes,yes,high,134.99,SportsShoes,https://www.sportsshoes.com/product/nik25735/,,,,,,,https://cdn11.bigcommerce.com/s-21x65e8kfn/images/stencil/1500x1500/products/88813/494864/NIK25371_1000_1__70097.1775729878.jpg,https://runrepeat.com/uk/nike-acg-pegasus-trail,"Gravel and road to trail, with a hard wearing outsole. Lugs are too shallow for deep mud.",,current,,
Nike,ACG Zegama GORE-TEX,trail,neutral,balanced,36,4,350,standard,wide,none,trail;long_run;comfort,yes,yes,high,174.99,SportsShoes,https://www.sportsshoes.com/product/nik26063/,,,,,,,https://cdn11.bigcommerce.com/s-21x65e8kfn/images/stencil/1500x1500/products/93427/527196/NIK26063_1000_1__64323.1787735912.jpg,https://www.roadtrailrun.com/2026/05/nike-acg-zegama-trail-review-5.html,"Waterproof, with 5mm Vibram lugs and a roomy toebox. A 350g tank, so nothing fast.",,current,,
Nike,Air Zoom Alphafly Next% 3,race,neutral,balanced,38,9,201,standard,medium,carbon,race_day;speed_work,no,no,low,284.99,SportsShoes,https://www.sportsshoes.com/product/nik25686/,,,,,,,https://cdn11.bigcommerce.com/s-21x65e8kfn/images/stencil/1500x1500/products/75884/399023/NIK23721_1000_1__54760.1742476819.jpg,https://runrepeat.com/uk/nike-alphafly-3,A marathon super shoe for race day only. The heel outsole wears fast if you land there.,,current,,
Nike,Air Zoom Pegasus Premium,max_cushion,neutral,plush,43,12,308,standard,narrow,none,easy_miles;long_run;comfort,yes,yes,medium,189.99,SportsShoes,https://www.sportsshoes.com/product/nik25280/,,,,,,,https://cdn11.bigcommerce.com/s-21x65e8kfn/images/stencil/1500x1500/products/93265/526173/NIK25761_1000_1__47158.1787221041.jpg,https://runrepeat.com/uk/nike-pegasus-premium,"Tall, soft and narrow, on a full length Air unit. Feels bottom heavy when you pick up pace.",,current,,
Nike,Revolution 8,daily_trainer,neutral,firm,32,9,264,standard;wide;extra_wide,narrow,none,easy_miles;first_shoe;gym;walking,yes,yes,medium,59.99,SportsShoes,https://www.sportsshoes.com/product/nik25702/,,,,,,,https://cdn11.bigcommerce.com/s-21x65e8kfn/images/stencil/1500x1500/products/83135/453642/NIK24538_1000_1__94519.1759753351.jpg,https://runrepeat.com/uk/nike-revolution-8,"Cheap, firm and stiff at the heel. Fine as a first shoe if your feet are on the narrow side.",,current,,
Nike,Run Defy,daily_trainer,neutral,firm,33,10,259,standard,medium,none,easy_miles;first_shoe;gym,no,yes,medium,54.99,SportsShoes,https://www.sportsshoes.com/product/nik23927/,,,,,,,https://cdn11.bigcommerce.com/s-21x65e8kfn/images/stencil/1500x1500/products/78124/415714/NIK23929_1000_1__02086.1743582010.jpg,https://www.rtings.com/running-shoes/reviews/nike/run-defy,"Very firm with little impact protection. Cheap and stable, but not for heavier runners.",,current,,
Nike,Vomero Premium,max_cushion,neutral,plush,50,9,326,standard;wide,narrow,none,easy_miles;long_run;comfort,yes,yes,high,209.99,SportsShoes,https://www.sportsshoes.com/product/nik25760/,,,,,,,https://cdn11.bigcommerce.com/s-21x65e8kfn/images/stencil/1500x1500/products/94240/532360/NIK25832_1000_1__75502.1789550217.jpg,https://runrepeat.com/uk/nike-vomero-premium,"Deep, soft ZoomX for easy miles, but the toebox is sharply tapered. Skip it if your feet are wide.",,current,,
Nike,ZoomX Streakfly 2,race,neutral,balanced,27,4,128,standard,narrow,carbon,race_day;speed_work,no,no,low,164.99,SportsShoes,https://www.sportsshoes.com/product/nik24922/,,,,,,,https://cdn11.bigcommerce.com/s-21x65e8kfn/images/stencil/1500x1500/products/86342/478261/NIK24965_1000_1__63430.1770805916.jpg,https://runrepeat.com/nike-streakfly-2,"Barely there at 128g, a 5k to 10k carbon racer. Forefoot strikers only, and it won't last long.",,current,,
Nike,ZoomX Vaporfly Next% 4,race,neutral,balanced,34,9,166,standard;wide,medium,carbon,race_day;speed_work,no,no,low,239.99,SportsShoes,https://www.sportsshoes.com/product/nik24584/,,,,,,,https://cdn11.bigcommerce.com/s-21x65e8kfn/images/stencil/1500x1500/products/94206/532149/NIK26074_1000_1__69779.1789471035.png,https://runrepeat.com/uk/nike-vaporfly-4,"Marathon race day only. Nike claims 6mm drop but the lab measured 8.6mm, and the heel is narrow.",,current,,
On,Cloudboom Max,max_cushion,neutral,balanced,39,9,286,standard;wide,wide,nylon,easy_miles;long_run;comfort,yes,yes,high,219.99,SportsShoes,https://www.sportsshoes.com/product/onr746/,,,,,,,https://cdn11.bigcommerce.com/s-21x65e8kfn/images/stencil/1500x1500/products/81683/444601/ONR628_1000_1__13253.1755699711.jpg,https://runrepeat.com/uk/on-cloudboom-max,"Big stack that rides firmer than it looks. A stable, hard wearing shoe for long, steady miles.",,current,,
On,Cloudboom Volt,race,neutral,firm,41,4,210,standard,wide,carbon,race_day;speed_work,no,no,medium,189.99,SportsShoes,https://www.sportsshoes.com/product/onr845/,,,,,,,https://cdn11.bigcommerce.com/s-21x65e8kfn/images/stencil/1500x1500/products/86597/479887/ONR745_1000_1__35784.1771420905.jpg,https://www.doctorsofrunning.com/2026/04/on-cloudboom-volt-review-2026.html,"Very firm racer with a wide, squared off toebox. Too little give for heavier runners or beginners.",,current,,
On,Cloudflow 5,tempo,neutral,firm,33,4,271,standard,wide,nylon,speed_work;easy_miles,yes,yes,medium,169.99,SportsShoes,https://www.sportsshoes.com/product/onr478/,,,,,,,https://cdn11.bigcommerce.com/s-21x65e8kfn/images/stencil/1500x1500/products/80291/433027/ONR479_1000_1__66733.1751620822.jpg,https://runrepeat.com/uk/on-cloudflow-5,"Firmer and heavier than a tempo shoe should be at 271g. The drop measures 4mm, not the claimed 6mm.",,current,,
On,Cloudrunner 3 Max,stability,stability,firm,45,10,344,standard,medium,none,easy_miles;long_run;walking;comfort,yes,yes,high,169.99,SportsShoes,https://www.sportsshoes.com/product/onr868/,,,,,,,https://cdn11.bigcommerce.com/s-21x65e8kfn/images/stencil/1500x1500/products/93527/527824/ONR923_1000_1__98862.1787843813.jpg,https://www.rtings.com/running-shoes/reviews/on/cloudrunner-3-max,"Heavy at 344g and very firm, but properly stable. Low volume inside, so not one for deep feet.",,current,,
On,Cloudsoma,trail,neutral,balanced,33,6,225,standard,medium,none,trail;hard_pack;easy_miles,yes,yes,medium,169.99,SportsShoes,https://www.sportsshoes.com/product/onr710/,,,,,,,https://cdn11.bigcommerce.com/s-21x65e8kfn/images/stencil/1500x1500/products/88239/490821/ONR708_1000_1__08267.1774437555.jpg,https://believeintherun.com/shoe-reviews/on-cloudsoma-review/,"Light for a trail shoe at 225g. The 2mm lugs are for gravel and dry paths, never mud.",,current,,
On,Cloudsurfer Max,daily_trainer,neutral,firm,37,8,292,standard;wide,narrow,none,easy_miles;walking;comfort,yes,yes,medium,169.99,SportsShoes,https://www.sportsshoes.com/product/onr880/,,,,,,,https://cdn11.bigcommerce.com/s-21x65e8kfn/images/stencil/1500x1500/products/93881/529790/ONR880_1000_1__65290.1788794150.jpg,https://runrepeat.com/uk/on-cloudsurfer-max,"Only 37mm of firm foam despite the big name, with low energy return and a narrow toebox.",,current,,
On,Cloudultra 3,trail,neutral,firm,32,5,278,standard,medium,nylon,trail;hard_pack;long_run,yes,yes,high,179.99,SportsShoes,https://www.sportsshoes.com/product/onr517/,,,,,,,https://cdn11.bigcommerce.com/s-21x65e8kfn/images/stencil/1500x1500/products/80655/436062/ONR517_1000_1__92896.1752567699.jpg,https://runrepeat.com/uk/on-cloudultra-3,Hard wearing and firm for long days on gravel and hard pack. The 3mm lugs struggle in mud.,,current,,
On,Cloudultra Peak,trail,neutral,balanced,32,4,229,standard,medium,nylon,trail;speed_work;race_day,yes,yes,medium,179.99,SportsShoes,https://www.sportsshoes.com/product/onr891/,,,,,,,https://cdn11.bigcommerce.com/s-21x65e8kfn/images/stencil/1500x1500/products/91478/514005/ONR990_1000_1__55952.1782919114.png,,"A light mountain racer at 229g, with a rock plate for technical ground. Built for ultra race days.",,current,,
On,Cloudvista 3,trail,neutral,balanced,,5,290,standard,medium,nylon,trail;easy_miles,yes,yes,medium,149.99,SportsShoes,https://www.sportsshoes.com/product/onr896/,,,,,,,https://cdn11.bigcommerce.com/s-21x65e8kfn/images/stencil/1500x1500/products/93870/529797/ONR896_1000_1__75744.1788794151.jpg,,"Steady trail shoe for easy off road miles. On won't publish a stack height, and the weight varies by source.",,current,,
Puma,Deviate Nitro Elite 4,race,neutral,balanced,37,9,173,standard,medium,carbon,race_day;speed_work,no,no,low,209.99,SportsShoes,https://www.sportsshoes.com/product/pum3122/,,,,,,,https://cdn11.bigcommerce.com/s-21x65e8kfn/images/stencil/1500x1500/products/93423/527127/PUM3122_1000_1__06868.1787670964.jpg,https://runrepeat.com/uk/puma-deviate-nitro-elite-4,A 173g carbon racer for marathon day. The upper is thin and Puma's 40mm heel measured 37mm.,,current,,
Puma,Magnify Nitro 3,daily_trainer,neutral,plush,37,12,261,standard;wide,medium,none,easy_miles;long_run;comfort,yes,yes,medium,129.99,SportsShoes,https://www.sportsshoes.com/product/pum3140/,,,,,,,https://cdn11.bigcommerce.com/s-21x65e8kfn/images/stencil/1500x1500/products/85491/472379/PUM2936_1000_1__56917.1768911692.jpg,https://runrepeat.com/uk/puma-magnify-nitro-3,"Comfort first for long, slow miles, and cheap at £129.99. The drop measures nearly 12mm, not 10mm.",,current,,
Salomon,Aero Blaze 4,daily_trainer,neutral,balanced,36,8,226,standard,narrow,none,easy_miles;long_run;speed_work,yes,yes,high,124.99,SportsShoes,https://www.sportsshoes.com/product/sal7181/,,,,,,,https://cdn11.bigcommerce.com/s-21x65e8kfn/images/stencil/1500x1500/products/93264/526180/SAL7181_1000_1__93042.1787221046.jpg,https://www.doctorsofrunning.com/salomon-aero-blaze-4-review/,Light and fairly firm daily trainer that runs narrow throughout. Good value if your feet are slim.,salomon-aero-blaze,current,,
Salomon,Aero Blaze 4 GRVL,trail,neutral,balanced,37,8,254,standard,medium,none,trail;hard_pack;easy_miles;comfort,yes,yes,medium,124.99,SportsShoes,https://www.sportsshoes.com/product/sal7280/,,,,,,,https://cdn11.bigcommerce.com/s-21x65e8kfn/images/stencil/1500x1500/products/93580/528108/SAL7280_1000_1__74097.1787933932.jpg,,Road shoe that copes with gravel and hard pack. The 2.5mm lugs give up as soon as it gets muddy.,salomon-aero-blaze,current,,
Salomon,Aero Glide 4,daily_trainer,neutral,balanced,43,12,255,standard;wide,medium,none,easy_miles;long_run;speed_work,yes,yes,medium,144.99,SportsShoes,https://www.sportsshoes.com/product/sal7180/,,,,,,,https://cdn11.bigcommerce.com/s-21x65e8kfn/images/stencil/1500x1500/products/93272/526244/SAL7180_1000_1__02958.1787224658.jpg,https://runrepeat.com/uk/salomon-aero-glide-4,"Cushioned daily miles, but Salomon's 8mm drop measured 11.7mm. Avoid it if you need a low drop.",salomon-aero-glide,current,,
Salomon,Aero Glide 4 GRVL,trail,neutral,balanced,41,9,275,standard;wide,medium,none,trail;hard_pack;easy_miles;long_run,yes,yes,high,144.99,SportsShoes,https://www.sportsshoes.com/product/sal7279/,,,,,,,https://cdn11.bigcommerce.com/s-21x65e8kfn/images/stencil/1500x1500/products/93680/528762/SAL7279_1000_1__94565.1788419953.jpg,https://runrepeat.com/salomon-aero-glide-4-grvl,"Tall and cushioned for long trail days, with an outsole that barely wears. Lugs too shallow for mud.",salomon-aero-glide,current,,
Salomon,Genesis 2,trail,mild_support,balanced,34,8,283,standard,medium,none,trail;long_run;easy_miles,yes,yes,high,139.99,SportsShoes,https://www.sportsshoes.com/product/sal7171/,,,,,,,https://cdn11.bigcommerce.com/s-21x65e8kfn/images/stencil/1500x1500/products/93259/526104/SAL7171_1000_1__12801.1787217404.jpg,,"4mm lugs and a TPU frame for rocky, technical ground. Gentle guidance without a proper support post.",,current,,
Salomon,Speedcross Peak GORE-TEX,trail,neutral,balanced,28,10,330,standard,medium,none,trail;easy_miles;walking,yes,yes,high,124.99,SportsShoes,https://www.sportsshoes.com/product/sal7275/,,,,,,,https://cdn11.bigcommerce.com/s-21x65e8kfn/images/stencil/1500x1500/products/94208/532169/SAL7275_1000_1__99314.1789474596.jpg,,"Waterproof with 5mm lugs, so it really does handle mud. Heavy at 330g and low on cushioning.",,current,,
Salomon,XA Pro 3D v9,trail,mild_support,firm,32,13,346,standard;wide,medium,none,trail;hard_pack;walking;easy_miles,yes,yes,high,139.99,SportsShoes,https://www.sportsshoes.com/product/sal6927/,,,,,,,https://cdn11.bigcommerce.com/s-21x65e8kfn/images/stencil/1500x1500/products/61109/276590/SAL6036_1000_7__91153.1690204397.jpg,https://runrepeat.com/uk/salomon-xa-pro-3d-v9,"A 346g tank for hard pack and hiking pace. Very supportive, but the drop measures 12.5mm, not 11mm.",,current,,
Saucony,Endorphin Azura,daily_trainer,neutral,firm,41,8,241,standard;narrow,medium,none,easy_miles;long_run;speed_work,yes,yes,medium,139.99,SportsShoes,https://www.sportsshoes.com/product/sau5667/,,,,,,,https://cdn11.bigcommerce.com/s-21x65e8kfn/images/stencil/1500x1500/products/93521/527771/SAU5667_1000_1__39822.1788362224.jpg,https://runrepeat.com/uk/saucony-endorphin-azura,Tall PWRRUN PB stack that lands firm rather than soft. The 8mm drop is exactly as claimed.,,current,,
Saucony,Endorphin Elite 2,race,neutral,plush,40,8,197,standard,medium,carbon,race_day;speed_work,no,no,low,279.99,SportsShoes,https://www.sportsshoes.com/product/sau5230/,,,,,,,https://cdn11.bigcommerce.com/s-21x65e8kfn/images/stencil/1500x1500/products/78310/417061/SAU5187_1000_1__85163.1747646411.jpg,https://runrepeat.com/uk/saucony-endorphin-elite-2,"Ultra soft marathon racer at 197g and £279.99. Very little stability, so not for heavy or new runners.",,current,,
Saucony,Endorphin Trainer,daily_trainer,neutral,plush,39,7,285,standard,narrow,carbon,easy_miles;long_run;speed_work,yes,no,medium,199.99,SportsShoes,https://www.sportsshoes.com/product/sau5236/,,,,,,,https://cdn11.bigcommerce.com/s-21x65e8kfn/images/stencil/1500x1500/products/77571/411474/SAU5181_1000_1__95403.1742379619.jpg,https://runrepeat.com/saucony-endorphin-trainer,Squishy top layer over a three quarter carbon plate. The toebox measures narrow at 70mm.,,current,,
Saucony,Guide TR,trail,stability,balanced,41,6,315,standard,medium,none,trail;easy_miles;long_run;comfort,yes,yes,high,139.99,SportsShoes,https://www.sportsshoes.com/product/sau5638/,,,,,,,https://cdn11.bigcommerce.com/s-21x65e8kfn/images/stencil/1500x1500/products/93141/525337/SAU5655_1000_1__44290.1786979854.jpg,,"Stability in a trail shoe, with 3.5mm lugs that cope with softer ground. Heavy but comfortable.",,current,,
Saucony,Kinvara 16,daily_trainer,neutral,firm,28,5,207,standard,narrow,none,easy_miles;speed_work,no,yes,low,119.99,SportsShoes,https://www.sportsshoes.com/product/sau5548/,,,,,,,https://cdn11.bigcommerce.com/s-21x65e8kfn/images/stencil/1500x1500/products/80465/434559/SAU5260_1000_1__97119.1752060053.jpg,https://runrepeat.com/uk/saucony-kinvara-16,"Old school and firm at 207g. The thin outsole won't last, and it's too slight for heavier runners.",,current,,
Saucony,Paramount MAX,max_cushion,neutral,plush,43,6,302,standard,medium,none,long_run;easy_miles;comfort,yes,yes,medium,199.99,SportsShoes,https://www.sportsshoes.com/product/sau5676/,,,,,,,https://cdn11.bigcommerce.com/s-21x65e8kfn/images/stencil/1500x1500/products/93523/527817/SAU5710_1000_1__23885.1789035504.jpg,https://www.doctorsofrunning.com/2026/05/saucony-paramount-max-review-2026.html,"Plenty of soft foam for long, slow runs. The exposed midsole wore at 40 miles, so treat it gently.",,current,,
Saucony,Ride TR3,trail,neutral,balanced,39,8,286,standard,medium,none,trail;easy_miles;long_run,yes,yes,high,139.99,SportsShoes,https://www.sportsshoes.com/product/sau5634/,,,,,,,https://cdn11.bigcommerce.com/s-21x65e8kfn/images/stencil/1500x1500/products/93094/525048/SAU5634_1000_1__48255.1786720628.jpg,,"Trail version of a familiar road trainer, with 3.5mm lugs. One width only, so fit matters.",,current,,
Topo Athletic,Phantom 4,daily_trainer,neutral,plush,35,7,258,standard;wide,wide,none,easy_miles;long_run;comfort,yes,yes,high,134.99,SportsShoes,https://www.sportsshoes.com/product/top2/,,,,,,,https://cdn11.bigcommerce.com/s-21x65e8kfn/images/stencil/1500x1500/products/94278/532639/TOP65_1000_1__52564.1789643896.jpg,https://runrepeat.com/uk/topo-phantom-4,"Genuinely wide toebox and soft underfoot. Topo says 5mm drop, the lab measured 7mm, so mind your achilles.",,current,,
Topo Athletic,Ultraventure 5,trail,neutral,plush,35,5,309,standard;wide,wide,none,trail;long_run;easy_miles,yes,yes,high,149.99,SportsShoes,https://www.sportsshoes.com/product/top61/,,,,,,,https://cdn11.bigcommerce.com/s-21x65e8kfn/images/stencil/1500x1500/products/94319/532903/TOP61_1000_1__34680.1789719550.jpg,https://www.doctorsofrunning.com/topo-athletic-ultraventure-5-review/,"Roomy and cushioned for long trail days, with Vibram grip. On the heavy side at 309g.",,current,,
Topo Athletic,Vista,trail,neutral,plush,38,7,315,standard;wide,wide,none,trail;long_run;comfort,yes,yes,high,154.99,SportsShoes,https://www.sportsshoes.com/product/top5/,,,,,,,https://cdn11.bigcommerce.com/s-21x65e8kfn/images/stencil/1500x1500/products/94282/532650/TOP66_1000_1__80434.1789647348.jpg,https://runrepeat.com/uk/topo-vista,"Soft foam on a wide, stable base with Megagrip and 3.7mm lugs. Too heavy at 315g for quick running.",,current,,
Under Armour,Velociti Elite 3,race,neutral,balanced,38,2,221,standard,medium,carbon,race_day;speed_work,yes,no,low,224.99,SportsShoes,https://www.sportsshoes.com/product/und9616/,,,,,,,https://cdn11.bigcommerce.com/s-21x65e8kfn/images/stencil/1500x1500/products/93050/524814/UND9693_1000_1__63507.1786630631.jpg,https://believeintherun.com/shoe-reviews/under-armour-velociti-elite-3-review/,Carbon racer with an unusual 2mm drop. Worth avoiding if your calves or achilles play up.,,current,,
Under Armour,Velociti SPD,tempo,neutral,balanced,32,8,212,standard,medium,none,easy_miles;speed_work;long_run,no,yes,medium,119.99,SportsShoes,https://www.sportsshoes.com/product/und9688/,,,,,,,https://cdn11.bigcommerce.com/s-21x65e8kfn/images/stencil/1500x1500/products/94170/531888/UND9689_1000_1__76156.1789395408.png,https://believeintherun.com/shoe-reviews/under-armour-velociti-spd-review/,"Simple, plateless tempo shoe at 212g and £119.99. The upper stretches, so it can feel loose in corners.",,current,,
Mizuno,Sky Prime,max_cushion,neutral,balanced,47,6,295,standard,narrow,none,easy_miles;long_run;comfort;walking,yes,yes,high,189.99,SportsShoes,https://www.sportsshoes.com/product/miz6786/,,,,,,,https://cdn11.bigcommerce.com/s-21x65e8kfn/images/stencil/1500x1500/products/94439/533768/MIZ6786_1000_1__49357.1790079389.jpg,https://www.doctorsofrunning.com/mizuno-sky-prime-review/,A 47mm slab of foam that stays springy instead of going mushy. The toebox is on the narrow side.,,current,,
ACT Running,C.1,daily_trainer,neutral,balanced,34,4,243,standard,medium,none,easy_miles;long_run;walking,yes,yes,medium,169.99,SportsShoes,https://www.sportsshoes.com/product/act13/,,,,,,,https://cdn11.bigcommerce.com/s-21x65e8kfn/images/stencil/1500x1500/products/94530/534179/ACT13_1000_1__18210.1790155014.jpg,https://believeintherun.com/shoe-reviews/act-c1-review/,"Built from recycled materials and priced like it. A steady everyday shoe, but nobody knows yet how far it lasts.",,current,,
Adidas,Adizero Adios Pro 5,race,neutral,plush,39,4,175,standard,narrow,carbon,race_day;speed_work;long_run,no,no,low,219.99,SportsShoes,https://www.sportsshoes.com/product/adi19450/,,,,,,,https://cdn11.bigcommerce.com/s-21x65e8kfn/images/stencil/1500x1500/products/94406/533491/ADI19453_1000_1__98831.1790266645.jpg,,"Adidasâ€™ marathon racer, 175g of carbon and foam. Narrow, delicate and strictly for race day.",,current,,
Asics,Blazeblast,trail,neutral,plush,42,8,277,standard,medium,none,trail;hard_pack;easy_miles;long_run;comfort,yes,yes,high,139.99,SportsShoes,https://www.sportsshoes.com/product/asi16902/,,,,,,,https://cdn11.bigcommerce.com/s-21x65e8kfn/images/stencil/1500x1500/products/93832/529454/ASI16915_1000_1__30072.1788776343.jpg,https://theruntesters.com/running-shoes/asics-blazeblast-review/,"Soft and tall for a trail shoe, with shallow tread. Made for hard paths and fire roads, not mud.",,current,,
Hoka,Tecton X 4,trail,neutral,balanced,40,5,261,standard,wide,carbon,trail;race_day;long_run;speed_work,yes,no,low,219.99,SportsShoes,https://www.sportsshoes.com/product/hok3872/,,,,,,,https://cdn11.bigcommerce.com/s-21x65e8kfn/images/stencil/1500x1500/products/93531/527826/HOK3872_1000_1__57897.1787843824.jpg,https://believeintherun.com/shoe-reviews/hoka-tecton-x-4-review/,"Carbon plated ultra racer with a roomy toebox. Fast on long mountain days, wasted on easy runs.",,current,,
Inov8,Trailfly Pro,trail,neutral,balanced,34,6,228,standard,wide,none,trail;race_day;long_run;easy_miles,yes,no,medium,164.99,SportsShoes,https://www.sportsshoes.com/product/ino2757/,,,,,,,https://cdn11.bigcommerce.com/s-21x65e8kfn/images/stencil/1500x1500/products/93434/527242/INO2757_1000_1__49869.1787743045.jpg,,"Light and roomy with proper lugs. Quick enough to race in, comfortable enough for long days out.",,current,,
Merrell,MTL SpeedARC Peak,trail,neutral,balanced,37,11,303,standard,narrow,carbon,trail;race_day;speed_work,yes,no,medium,259.99,SportsShoes,https://www.sportsshoes.com/product/mer3019/,,,,,,,https://cdn11.bigcommerce.com/s-21x65e8kfn/images/stencil/1500x1500/products/92344/519906/MER3019_1000_1__15404.1785147433.jpg,https://runrepeat.com/uk/merrell-mtl-speed-arc-peak,"A carbon trail racer. Merrell say 6mm drop, the lab says 11mm, so treat it as a high drop shoe.",,current,,
Nike,Pegasus Plus 2,daily_trainer,neutral,balanced,38,10,270,standard,medium,none,easy_miles;long_run;comfort,yes,yes,medium,154.99,SportsShoes,https://www.sportsshoes.com/product/nik25813/,,,,,,,https://cdn11.bigcommerce.com/s-21x65e8kfn/images/stencil/1500x1500/products/93447/527333/NIK25813_1000_1__96623.1789460216.jpg,https://www.doctorsofrunning.com/nike-pegasus-plus-2-review/,The Pegasus with a bouncier foam and a higher price. Easy miles rather than fast ones.,,current,,
The North Face,Offtrail Ultra,trail,mild_support,balanced,35,6,269,standard,medium,none,trail;long_run;easy_miles,yes,yes,high,144.99,SportsShoes,https://www.sportsshoes.com/product/tnf1788/,,,,,,,https://cdn11.bigcommerce.com/s-21x65e8kfn/images/stencil/1500x1500/products/91818/516418/TNF1788_1000_6__38762.1783682300.jpg,https://www.doctorsofrunning.com/the-north-face-offtrail-ultra-review/,Steady and cushioned for long days on the trail. A little support built in without feeling corrective.,,current,,
Norda,55,trail,neutral,plush,36,6,286,standard,medium,none,trail;long_run;easy_miles,yes,yes,high,289.99,SportsShoes,https://www.sportsshoes.com/product/nod74/,,,,,,,https://cdn11.bigcommerce.com/s-21x65e8kfn/images/stencil/1500x1500/products/94662/535285/NOD76_1000_1__76584.1790594185.jpg,https://believeintherun.com/shoe-reviews/norda-055-review/,"Built from Dyneema and priced accordingly. Tough, grippy and comfortable enough for all day efforts.",,current,,
